timestamp,step,tokens_seen,split,loss
1785851410.433005,150,615600,train,8.027352
1785851414.856367,175,718200,train,7.689465
1785851418.792792,200,820800,train,7.512735
1785851438.3627276,225,923400,train,7.489380
1785851442.2319074,250,1026000,train,7.423755
1785851443.236319,250,1026000,eval,7.424611
1785851447.6038835,275,1128600,train,7.354263
1785851453.3657453,300,1231200,train,7.257018
1785851477.6828399,325,1333800,train,7.212798
1785851486.4743686,350,1436400,train,7.260776
1785851495.3470812,375,1539000,train,7.042372
1785851503.556162,400,1641600,train,7.004513
1785851549.003858,425,1744200,train,7.016648
1785851562.947865,450,1846800,train,6.887538
1785851570.8089147,475,1949400,train,6.844055
1785851577.3481321,500,2052000,train,6.932114
1785851579.0962155,500,2052000,eval,6.772469
1785855024.335806,425,1744200,train,6.939728
1785855028.4694898,450,1846800,train,6.854976
1785855032.456318,475,1949400,train,6.809288
1785855036.4620032,500,2052000,train,6.871496
1785855037.52274,500,2052000,eval,6.848768
1785855057.512872,525,2154600,train,6.677006
1785855061.3297956,550,2257200,train,6.709900
1785855226.5688736,575,2359800,train,6.627537
1785855230.5348203,600,2462400,train,6.634308
1785855249.7824543,625,2565000,train,6.514732
1785855254.4048,650,2667600,train,6.503214
1785855258.380378,675,2770200,train,6.256740
1785855262.6183414,700,2872800,train,6.476938
1785855281.23865,725,2975400,train,6.468535
1785855285.2253468,750,3078000,train,6.565139
1785855286.2202363,750,3078000,eval,6.607420
1785855290.1058996,775,3180600,train,6.623261
1785855294.5552993,800,3283200,train,6.553336
1785855313.5548968,825,3385800,train,6.455957
1785855317.3255086,850,3488400,train,6.578121
1785855321.1586254,875,3591000,train,6.596273
1785855325.110296,900,3693600,train,6.465086
1785855345.6714194,925,3796200,train,6.611527
1785855349.4805484,950,3898800,train,6.570932
1785855353.3072999,975,4001400,train,6.652896
1785855357.0606046,1000,4104000,train,6.535696
1785855357.9419982,1000,4104000,eval,6.404857
1785855378.7299147,1025,4206600,train,6.417277
1785855382.456622,1050,4309200,train,6.428444
1785855386.3030715,1075,4411800,train,6.428427
1785855389.9867468,1100,4514400,train,6.402317
1785856347.3152914,1010,4145040,train,6.373581
1785856348.409506,1010,4145040,eval,6.397027
1785856375.3163078,1020,4186080,train,6.374064
1785856376.4574723,1020,4186080,eval,6.405154
1785856402.280189,1030,4227120,train,6.288964
1785856403.304613,1030,4227120,eval,6.402236
1785856719.2969728,1050,4309200,train,6.058486
1785856723.5861094,1075,4411800,train,6.156901
1785856727.5803206,1100,4514400,train,6.256262
1785856747.2177167,1125,4617000,train,6.245018
1785856751.0297813,1150,4719600,train,5.933251
1785856754.7615979,1175,4822200,train,6.191784
1785856758.6800542,1200,4924800,train,6.153587
1785856790.4762592,1225,5027400,train,6.271520
1785856822.2112856,1250,5130000,train,6.277828
1785856825.7716546,1250,5130000,eval,6.340561
1785856832.6761534,1275,5232600,train,6.159781
1785856836.8483932,1300,5335200,train,6.170843
1785861489.0388782,1325,5437800,train,6.052918
1785861492.7444777,1350,5540400,train,5.963242
1785861496.4888175,1375,5643000,train,6.022968
1785861500.0310564,1400,5745600,train,5.964074
1785861532.6777146,1425,5848200,train,5.676449
1785861536.4058447,1450,5950800,train,5.962835
1785861540.3404868,1475,6053400,train,5.936436
1785861544.2494106,1500,6156000,train,6.031907
1785861545.167819,1500,6156000,eval,6.299936
1785861574.1693597,1525,6258600,train,6.009105
1785861577.6249752,1550,6361200,train,5.935804
1785861581.106693,1575,6463800,train,5.934206
1785861584.6019397,1600,6566400,train,6.163238
1785861614.5485265,1625,6669000,train,6.159863
1785861618.1210468,1650,6771600,train,6.115166
1785861621.691079,1675,6874200,train,6.246433
1785861625.163548,1700,6976800,train,6.226546
1785861656.1385682,1725,7079400,train,6.271453
1785861659.697455,1750,7182000,train,6.144237
1785861660.534875,1750,7182000,eval,6.180506
1785861663.9987578,1775,7284600,train,6.197023
1785861667.4963474,1800,7387200,train,6.248514
1785861692.8836765,1825,7489800,train,6.165071
1785861696.3800988,1850,7592400,train,6.221708
1785861699.8522232,1875,7695000,train,6.162281
1785861703.3407938,1900,7797600,train,6.110893
1785861730.5091646,1925,7900200,train,6.151027
1785861734.0622716,1950,8002800,train,6.130257
1785861737.5190938,1975,8105400,train,6.343287
1785861740.9919424,2000,8208000,train,6.059691
1785861741.8239336,2000,8208000,eval,6.098044
1785861763.8058872,2025,8310600,train,6.105625
1785861767.2047338,2050,8413200,train,6.105085
1785861770.5384476,2075,8515800,train,6.160457
1785861773.8404338,2100,8618400,train,6.135910
1785861936.8168273,2125,8721000,train,6.100335
1785861940.112835,2150,8823600,train,6.170372
1785861943.4343748,2175,8926200,train,6.202190
1785861946.7342467,2200,9028800,train,5.929756
1785862137.7147105,2225,9131400,train,6.099124
1785862141.4775717,2250,9234000,train,6.017405
1785862142.5592377,2250,9234000,eval,6.017961
1785862146.1370273,2275,9336600,train,5.999065
1785862149.6693966,2300,9439200,train,6.088919
1785863123.3472505,2325,9541800,train,5.880457
1785863126.8756337,2350,9644400,train,5.756521
1785863130.499404,2375,9747000,train,5.797892
1785863134.0430772,2400,9849600,train,5.677294
1785863157.6587489,2425,9952200,train,5.516429
1785863161.0167203,2450,10054800,train,5.710344
1785863164.385375,2475,10157400,train,5.735901
1785863167.7361078,2500,10260000,train,5.760859
1785863168.5721512,2500,10260000,eval,5.983410
1785863217.2953544,2525,10362600,train,5.730247
1785863220.6527264,2550,10465200,train,5.662818
1785863224.0329795,2575,10567800,train,5.754331
1785863227.3598762,2600,10670400,train,5.823272
1785863260.733489,2625,10773000,train,5.748466
1785863264.0909317,2650,10875600,train,5.769182
1785863267.4372187,2675,10978200,train,5.899059
1785863270.7497034,2700,11080800,train,5.858240
1785863300.9158309,2725,11183400,train,5.895580
1785863304.2743769,2750,11286000,train,5.777506
1785863305.1109877,2750,11286000,eval,5.890335
1785863308.5123093,2775,11388600,train,5.757630
1785863312.0169826,2800,11491200,train,5.792659
1785863341.9493947,2825,11593800,train,5.797050
1785863345.3844552,2850,11696400,train,5.843518
1785863348.8642979,2875,11799000,train,5.782682
1785863352.3604872,2900,11901600,train,5.721836
1785863372.0539405,2925,12004200,train,5.773084
1785863375.7084827,2950,12106800,train,5.781957
1785863379.4940627,2975,12209400,train,5.869732
1785863383.3892083,3000,12312000,train,5.712430
1785863384.2930956,3000,12312000,eval,5.849938
1785863403.0531309,3025,12414600,train,5.753055
1785863406.5723162,3050,12517200,train,5.715617
1785863410.0320728,3075,12619800,train,5.799075
1785863413.5418973,3100,12722400,train,5.754708
1785863429.3288536,3125,12825000,train,5.707899
1785863432.8905065,3150,12927600,train,5.856633
1785863436.491897,3175,13030200,train,5.759410
1785863440.0006974,3200,13132800,train,5.611464
1785863456.2147682,3225,13235400,train,5.743618
1785863459.6233568,3250,13338000,train,5.604931
1785863460.474386,3250,13338000,eval,5.790437
1785863464.1130433,3275,13440600,train,5.694764
1785863467.6765206,3300,13543200,train,5.736707
1785863530.6670096,3325,13645800,train,5.841878
1785863534.278456,3350,13748400,train,5.800336
1785863538.2213974,3375,13851000,train,5.841108
1785863542.7878022,3400,13953600,train,5.898190
1785863561.0839343,3425,14056200,train,5.748576
1785863565.3409333,3450,14158800,train,5.706774
1785863569.6144834,3475,14261400,train,5.785848
1785863574.1474612,3500,14364000,train,5.805095
1785863575.6221852,3500,14364000,eval,5.718503
1785863733.2397027,3525,14466600,train,5.795299
1785863737.7045114,3550,14569200,train,5.832730
1785863741.9548137,3575,14671800,train,5.824429
1785863746.3188262,3600,14774400,train,5.709880
1785863763.1915717,3625,14877000,train,5.805833
1785863767.004508,3650,14979600,train,5.806445
1785863770.6662872,3675,15082200,train,5.794863
1785863774.322387,3700,15184800,train,5.688332
1785863792.6844034,3725,15287400,train,5.757115
1785863796.2983372,3750,15390000,train,5.762800
1785863797.2298932,3750,15390000,eval,5.669882
1785863801.0312972,3775,15492600,train,5.747820
1785863804.9359543,3800,15595200,train,5.722737
1785863822.4328804,3825,15697800,train,5.728494
1785863825.961258,3850,15800400,train,5.750906
1785863829.5448031,3875,15903000,train,5.695144
1785863833.107323,3900,16005600,train,5.673612
1785863851.4003983,3925,16108200,train,5.651251
1785863855.3005743,3950,16210800,train,5.782377
1785863858.7895212,3975,16313400,train,5.508699
1785863862.4585457,4000,16416000,train,5.729732
1785863863.3097904,4000,16416000,eval,5.592003
1785863879.2377908,4025,16518600,train,5.623031
1785863882.8356876,4050,16621200,train,5.136144
1785863886.3559995,4075,16723800,train,5.690043
1785863889.9018655,4100,16826400,train,5.661088
1785863907.2564352,4125,16929000,train,5.658906
1785863910.8683362,4150,17031600,train,5.671190
1785863914.8106956,4175,17134200,train,5.685800
1785863918.3707428,4200,17236800,train,5.677706
1785863935.7230837,4225,17339400,train,5.746749
1785863939.8408062,4250,17442000,train,5.632287
1785863940.8743339,4250,17442000,eval,5.552793
1785863944.9895794,4275,17544600,train,5.566811
1785863949.0540617,4300,17647200,train,5.547416
1785863967.5190096,4325,17749800,train,5.612272
1785863972.5316257,4350,17852400,train,5.596539
1785863977.5797188,4375,17955000,train,5.543940
1785863982.6279898,4400,18057600,train,5.781671
1785864000.219277,4425,18160200,train,5.534133
1785864005.3077974,4450,18262800,train,5.641371
1785864010.4563878,4475,18365400,train,5.566758
1785864015.26929,4500,18468000,train,5.436141
1785864016.5020068,4500,18468000,eval,5.499986
1785864035.0723877,4525,18570600,train,5.736283
1785864040.7791326,4550,18673200,train,5.537628
1785864046.5101125,4575,18775800,train,5.542325
1785864051.4783905,4600,18878400,train,5.589763
1785864068.721771,4625,18981000,train,5.572661
1785864073.3997855,4650,19083600,train,5.544307
1785864078.0753274,4675,19186200,train,5.553659
1785864082.7176464,4700,19288800,train,5.521699
1785864100.221518,4725,19391400,train,5.532816
1785864105.0511563,4750,19494000,train,5.624127
1785864106.3407686,4750,19494000,eval,5.456135
1785864111.512004,4775,19596600,train,5.453107
1785864116.3791835,4800,19699200,train,5.521361
1785864134.102393,4825,19801800,train,5.453958
1785864138.860564,4850,19904400,train,5.481062
1785864143.7709353,4875,20007000,train,5.540880
1785864148.489644,4900,20109600,train,5.506105
1785864165.7446218,4925,20212200,train,5.598241
1785864170.3787234,4950,20314800,train,5.493295
1785864175.1247637,4975,20417400,train,5.550871
1785864179.8914332,5000,20520000,train,5.387563
1785864181.137722,5000,20520000,eval,5.392190
1785864198.922479,5025,20622600,train,5.425120
1785864203.9229426,5050,20725200,train,5.534651
1785864208.7004476,5075,20827800,train,5.518949
1785864213.5118985,5100,20930400,train,5.556341
1785864230.5833118,5125,21033000,train,5.453552
1785864235.313744,5150,21135600,train,5.418201
1785864240.2131002,5175,21238200,train,5.438690
1785864245.0478523,5200,21340800,train,5.405204
1785864262.4471765,5225,21443400,train,5.397073
1785864267.3329782,5250,21546000,train,5.394023
1785864268.510836,5250,21546000,eval,5.364048
1785864273.2355614,5275,21648600,train,5.476014
1785864278.0214062,5300,21751200,train,5.351336
1785864295.4600227,5325,21853800,train,5.355128
1785864300.0822728,5350,21956400,train,5.409059
1785864304.8729901,5375,22059000,train,5.397062
1785864310.0404081,5400,22161600,train,5.460295
1785864341.0411117,5425,22264200,train,5.352512
1785864345.9159987,5450,22366800,train,5.400588
1785864350.5498629,5475,22469400,train,5.441762
1785864355.328578,5500,22572000,train,5.337655
1785864356.6346052,5500,22572000,eval,5.314020
1785864374.253316,5525,22674600,train,5.436001
1785864378.8274846,5550,22777200,train,5.405050
1785864383.5375662,5575,22879800,train,5.366268
1785864388.3263123,5600,22982400,train,5.339398
1785864405.5781548,5625,23085000,train,5.289941
1785864410.1774588,5650,23187600,train,5.352951
1785864414.8651855,5675,23290200,train,5.350051
1785864419.515389,5700,23392800,train,5.377147
1785864436.574122,5725,23495400,train,5.426097
1785864441.2548506,5750,23598000,train,5.443297
1785864442.430968,5750,23598000,eval,5.281885
1785864447.1251636,5775,23700600,train,5.345030
1785864451.810501,5800,23803200,train,5.343531
1785864469.1971738,5825,23905800,train,5.444688
1785864473.9912765,5850,24008400,train,5.349213
1785864478.8420494,5875,24111000,train,5.360523
1785864483.494445,5900,24213600,train,5.396464
1785864500.3868992,5925,24316200,train,5.289504
1785864505.2440426,5950,24418800,train,5.307012
1785864509.8908134,5975,24521400,train,5.588514
1785864514.4088073,6000,24624000,train,5.602642
1785864515.5763688,6000,24624000,eval,5.353649
1785864532.8393345,6025,24726600,train,5.392956
1785864537.6550229,6050,24829200,train,5.317880
1785864542.2363493,6075,24931800,train,5.353958
1785864546.9333308,6100,25034400,train,5.292915
1785864563.8439205,6125,25137000,train,5.291897
1785864568.504589,6150,25239600,train,5.295512
1785864573.4009645,6175,25342200,train,5.247412
1785864578.1965313,6200,25444800,train,5.269069
1785864598.063699,6225,25547400,train,5.430444
1785864603.3029323,6250,25650000,train,5.278078
1785864604.5438335,6250,25650000,eval,5.220921
1785864609.3024251,6275,25752600,train,5.298221
1785864614.0181272,6300,25855200,train,5.278125
1785864631.5370495,6325,25957800,train,5.334852
1785864636.699301,6350,26060400,train,5.426931
1785864641.4720917,6375,26163000,train,5.222849
1785864645.9415145,6400,26265600,train,5.318053
1785864662.937833,6425,26368200,train,5.246714
1785864667.7280025,6450,26470800,train,5.380372
1785864672.5753639,6475,26573400,train,5.356094
1785864677.3498936,6500,26676000,train,5.239982
1785864678.580455,6500,26676000,eval,5.188701
1785864696.1863675,6525,26778600,train,5.270372
1785864701.0999534,6550,26881200,train,5.310362
1785864705.6888716,6575,26983800,train,5.265652
1785864710.20818,6600,27086400,train,5.335686
1785864727.340788,6625,27189000,train,5.430165
1785864732.1123397,6650,27291600,train,5.291406
1785864737.0109055,6675,27394200,train,5.181275
1785864741.6408339,6700,27496800,train,5.243992
1785864765.3890383,6725,27599400,train,5.278367
1785864770.6595607,6750,27702000,train,5.349816
1785864771.8863108,6750,27702000,eval,5.171170
1785864776.5351703,6775,27804600,train,5.250742
1785864781.47921,6800,27907200,train,5.242515
1785864798.449447,6825,28009800,train,5.265348
1785864803.3727016,6850,28112400,train,5.138939
1785864807.8280118,6875,28215000,train,5.328877
1785864812.4545295,6900,28317600,train,5.277619
1785864829.5943017,6925,28420200,train,5.134081
1785864834.4921105,6950,28522800,train,5.278817
1785864839.3335547,6975,28625400,train,5.245578
1785864843.919353,7000,28728000,train,5.208875
1785864845.100237,7000,28728000,eval,5.118208
1785864862.4078448,7025,28830600,train,5.136982
1785864867.1055534,7050,28933200,train,5.177012
1785864871.7864459,7075,29035800,train,5.209531
1785864876.4517808,7100,29138400,train,5.301057
1785864893.7488096,7125,29241000,train,5.293602
1785864898.398085,7150,29343600,train,5.288311
1785864903.0778112,7175,29446200,train,5.190344
1785864907.840235,7200,29548800,train,5.153886
1785864925.080597,7225,29651400,train,5.147878
1785864930.2402372,7250,29754000,train,5.106804
1785864931.6303117,7250,29754000,eval,5.114156
1785864936.5975802,7275,29856600,train,5.159827
1785864941.245472,7300,29959200,train,5.215540
1785864958.6440763,7325,30061800,train,5.167239
1785864963.2686174,7350,30164400,train,5.143638
1785864967.7973204,7375,30267000,train,5.227423
1785864972.5546868,7400,30369600,train,5.135290
1785864989.955571,7425,30472200,train,5.173018
1785864994.5499861,7450,30574800,train,5.192416
1785864999.0273907,7475,30677400,train,5.260808
1785865003.4970257,7500,30780000,train,5.077251
1785865004.6422625,7500,30780000,eval,5.173335
1785865021.5198889,7525,30882600,train,5.330201
1785865026.1155665,7550,30985200,train,5.139631
1785865030.879334,7575,31087800,train,5.218446
1785865035.821703,7600,31190400,train,5.162180
1785865053.0771945,7625,31293000,train,5.191478
1785865058.0127833,7650,31395600,train,5.313376
1785865062.5805266,7675,31498200,train,5.219963
1785865067.3539438,7700,31600800,train,5.163857
1785865084.680751,7725,31703400,train,5.224691
1785865089.4938316,7750,31806000,train,5.223666
1785865090.7070768,7750,31806000,eval,5.058559
1785865095.418638,7775,31908600,train,5.217469
1785865100.262307,7800,32011200,train,5.132609
1785865117.2791739,7825,32113800,train,5.132191
1785865122.1762002,7850,32216400,train,5.145431
1785865126.9959245,7875,32319000,train,5.162522
1785865132.0373373,7900,32421600,train,5.116525
1785865186.8228352,7925,32524200,train,5.210282
1785865191.953588,7950,32626800,train,5.129225
1785865197.111103,7975,32729400,train,5.172545
1785865201.730841,8000,32832000,train,5.223367
1785865202.9151492,8000,32832000,eval,5.062318
1785865220.2237685,8025,32934600,train,5.161483
1785865225.276473,8050,33037200,train,5.148869
1785865230.0935144,8075,33139800,train,5.174689
1785865234.8047152,8100,33242400,train,5.121804
1785865252.0177903,8125,33345000,train,5.132738
1785865256.7377539,8150,33447600,train,5.091519
1785865261.5685976,8175,33550200,train,5.220943
1785865266.1408234,8200,33652800,train,5.094294
1785865284.19032,8225,33755400,train,5.109770
1785865288.9707172,8250,33858000,train,5.094593
1785865290.2138577,8250,33858000,eval,5.023202
1785865295.304049,8275,33960600,train,5.178453
1785865300.5023942,8300,34063200,train,5.043120
1785865318.292791,8325,34165800,train,5.225274
1785865323.051059,8350,34268400,train,5.256550
1785865327.677755,8375,34371000,train,5.286587
1785865332.322152,8400,34473600,train,5.105393
1785865349.7423668,8425,34576200,train,5.115247
1785865354.579974,8450,34678800,train,5.154491
1785865359.1292937,8475,34781400,train,5.190815
1785865363.7347543,8500,34884000,train,5.119103
1785865364.9251232,8500,34884000,eval,5.008418
1785865382.285052,8525,34986600,train,5.143205
1785865387.3030672,8550,35089200,train,4.988184
1785865392.2971833,8575,35191800,train,5.060433
1785865397.3495593,8600,35294400,train,5.101510
1785865414.9500074,8625,35397000,train,5.139888
1785865420.0615034,8650,35499600,train,5.012285
1785865424.9993844,8675,35602200,train,5.028576
1785865429.8845599,8700,35704800,train,5.215386
1785865447.224543,8725,35807400,train,5.076762
1785865451.9492743,8750,35910000,train,5.035205
1785865453.080074,8750,35910000,eval,4.977282
1785865457.9471154,8775,36012600,train,5.077399
1785865462.6355064,8800,36115200,train,5.042759
1785865479.7611322,8825,36217800,train,5.091915
1785865484.4697304,8850,36320400,train,5.199146
1785865489.3397105,8875,36423000,train,5.148731
1785865494.5397956,8900,36525600,train,5.055558
1785865512.0522006,8925,36628200,train,5.143361
1785865517.0866828,8950,36730800,train,5.044696
1785865521.7003822,8975,36833400,train,5.036924
1785865526.483886,9000,36936000,train,4.999900
1785865527.7146845,9000,36936000,eval,4.951873
1785865544.7525358,9025,37038600,train,5.035163
1785865549.4890707,9050,37141200,train,4.994523
1785865554.3181448,9075,37243800,train,5.013658
1785865558.9641502,9100,37346400,train,5.020621
1785865576.277306,9125,37449000,train,5.116284
1785865581.2923203,9150,37551600,train,4.968256
1785865586.204125,9175,37654200,train,5.077097
1785865590.8243701,9200,37756800,train,5.144661
1785865607.797267,9225,37859400,train,5.054063
1785865612.3143184,9250,37962000,train,5.083143
1785865613.4394453,9250,37962000,eval,4.941016
1785865617.9913692,9275,38064600,train,5.032809
1785865622.7667496,9300,38167200,train,4.993737
1785865640.1297264,9325,38269800,train,5.053976
1785865644.7652805,9350,38372400,train,5.045709
1785865649.5114458,9375,38475000,train,4.998913
1785865654.1188276,9400,38577600,train,5.021660
1785865671.5355425,9425,38680200,train,4.952437
1785865676.1067228,9450,38782800,train,4.993076
1785865680.858303,9475,38885400,train,5.042169
1785865685.4969242,9500,38988000,train,5.073751
1785865686.6925726,9500,38988000,eval,4.920622
1785865704.075383,9525,39090600,train,5.088954
1785865708.5721667,9550,39193200,train,4.956919
1785865713.0281222,9575,39295800,train,5.003707
1785865717.5123863,9600,39398400,train,4.989892
1785865734.4946175,9625,39501000,train,4.938339
1785865739.101512,9650,39603600,train,5.046027
1785865743.7374477,9675,39706200,train,5.050966
1785865748.496668,9700,39808800,train,4.979923
1785865766.4388855,9725,39911400,train,5.003055
1785865771.0549307,9750,40014000,train,5.148898
1785865772.2827811,9750,40014000,eval,4.909788
1785865777.0630066,9775,40116600,train,5.040990
1785865782.27552,9800,40219200,train,4.978242
1785865799.28363,9825,40321800,train,4.971776
1785865803.8812952,9850,40424400,train,5.015331
1785865809.3915942,9875,40527000,train,5.056867
1785865814.3260593,9900,40629600,train,4.921068
1785865831.7455902,9925,40732200,train,4.925573
1785865836.530946,9950,40834800,train,4.995718
1785865841.2951038,9975,40937400,train,4.980996
1785865845.9866192,10000,41040000,train,5.017576
1785865847.20254,10000,41040000,eval,4.894389
1785865866.1658223,10025,41142600,train,5.009752
1785865870.8935528,10050,41245200,train,4.958812
1785865875.6632063,10075,41347800,train,5.025255
1785865880.6340346,10100,41450400,train,5.067996
1785865898.8332782,10125,41553000,train,5.000986
1785865903.8135107,10150,41655600,train,4.998195
1785865908.8567147,10175,41758200,train,4.969034
1785865913.8320384,10200,41860800,train,4.944043
1785865931.7263486,10225,41963400,train,4.964524
1785865936.5387552,10250,42066000,train,4.943357
1785865937.8033938,10250,42066000,eval,4.863509
1785865942.5537548,10275,42168600,train,4.988743
1785865947.193741,10300,42271200,train,4.872165
1785865964.2671387,10325,42373800,train,4.917199
1785865968.7814043,10350,42476400,train,4.886785
1785865973.2319703,10375,42579000,train,4.991842
1785865977.7540355,10400,42681600,train,4.971738
1785865994.8714087,10425,42784200,train,4.968128
1785865999.472961,10450,42886800,train,5.036570
1785866004.2869234,10475,42989400,train,4.867643
1785866009.379026,10500,43092000,train,4.982556
1785866010.6455204,10500,43092000,eval,4.844508
1785866028.4272985,10525,43194600,train,4.956052
1785866033.0965586,10550,43297200,train,4.918888
1785866037.757287,10575,43399800,train,4.944488
1785866042.4793892,10600,43502400,train,4.976817
1785866059.593189,10625,43605000,train,4.889818
1785866064.3288233,10650,43707600,train,4.969030
1785866068.890145,10675,43810200,train,4.868428
1785866073.5714939,10700,43912800,train,5.006500
1785866091.406871,10725,44015400,train,5.178315
1785866096.135297,10750,44118000,train,4.929131
1785866097.345886,10750,44118000,eval,4.829409
1785866102.1168,10775,44220600,train,4.870504
1785866106.8745098,10800,44323200,train,4.958463
1785866124.6673923,10825,44425800,train,4.852145
1785866129.1805866,10850,44528400,train,4.942837
1785866133.7722719,10875,44631000,train,4.884803
1785866138.4355724,10900,44733600,train,4.978168
1785866155.9668264,10925,44836200,train,5.004179
1785866160.4789555,10950,44938800,train,4.976956
1785866164.9779549,10975,45041400,train,4.910908
1785866169.4863002,11000,45144000,train,4.885386
1785866170.648893,11000,45144000,eval,4.794501
1785866188.406698,11025,45246600,train,4.876593
1785866193.2875178,11050,45349200,train,4.943111
1785866197.8759065,11075,45451800,train,4.881271
1785866202.7089171,11100,45554400,train,4.963318
1785866219.2488394,11125,45657000,train,4.933664
1785866223.1604624,11150,45759600,train,4.898308
1785866227.1172676,11175,45862200,train,4.910827
1785866230.9990323,11200,45964800,train,4.807187
1785866263.4823809,11225,46067400,train,4.850476
1785866267.1502697,11250,46170000,train,4.981473
1785866268.0840385,11250,46170000,eval,4.791078
1785866271.9347215,11275,46272600,train,4.821126
1785866275.6815505,11300,46375200,train,4.851914
1785866291.9955804,11325,46477800,train,4.880017
1785866295.666,11350,46580400,train,4.925352
1785866299.3504543,11375,46683000,train,4.927309
1785866303.0287714,11400,46785600,train,4.906816
1785866319.542878,11425,46888200,train,4.878535
1785866323.1856446,11450,46990800,train,4.831313
1785866326.8580046,11475,47093400,train,4.940446
1785866330.547093,11500,47196000,train,4.820975
1785866331.4685843,11500,47196000,eval,4.756068
1785866348.298711,11525,47298600,train,4.866876
1785866351.998395,11550,47401200,train,4.847718
1785866355.8775225,11575,47503800,train,4.812595
1785866359.5318267,11600,47606400,train,4.860732
1785866376.029678,11625,47709000,train,4.837999
1785866379.7615092,11650,47811600,train,4.859388
1785866383.3859982,11675,47914200,train,4.905760
1785866387.0833833,11700,48016800,train,4.905264
1785866402.934706,11725,48119400,train,4.957293
1785866406.5746872,11750,48222000,train,4.907087
1785866407.4836116,11750,48222000,eval,4.742390
1785866411.1749125,11775,48324600,train,4.824081
1785866414.8023593,11800,48427200,train,4.817431
1785866431.3996773,11825,48529800,train,4.874280
1785866435.0817246,11850,48632400,train,4.700045
1785866438.6940227,11875,48735000,train,4.878196
1785866442.349446,11900,48837600,train,4.780981
1785866458.4280849,11925,48940200,train,4.784813
1785866462.0812457,11950,49042800,train,4.884144
1785866465.7074196,11975,49145400,train,4.828756
1785866469.4006734,12000,49248000,train,4.870014
1785866470.3065877,12000,49248000,eval,4.727574
1785866487.0680566,12025,49350600,train,4.870608
1785866490.9191122,12050,49453200,train,4.775206
1785866494.5588253,12075,49555800,train,4.812108
1785866498.1588476,12100,49658400,train,4.795745
1785866514.093242,12125,49761000,train,4.841143
1785866517.6891055,12150,49863600,train,4.816986
1785866521.2817333,12175,49966200,train,4.889653
1785866524.9355159,12200,50068800,train,4.748478
1785866542.2402883,12225,50171400,train,4.775921
1785866546.303201,12250,50274000,train,4.839312
1785866547.2989447,12250,50274000,eval,4.736303
1785866551.181937,12275,50376600,train,4.851507
1785866555.1454842,12300,50479200,train,4.831637
1785866571.390714,12325,50581800,train,4.790738
1785866575.2606118,12350,50684400,train,4.898088
1785866579.0252979,12375,50787000,train,4.929491
1785866582.8280518,12400,50889600,train,4.818974
1785866598.9030542,12425,50992200,train,4.792644
1785866602.6994035,12450,51094800,train,4.804506
1785866606.567781,12475,51197400,train,4.818921
1785866610.5332901,12500,51300000,train,4.865962
1785866611.4951854,12500,51300000,eval,4.700979
1785866627.8767266,12525,51402600,train,4.785330
1785866631.8415873,12550,51505200,train,4.768225
1785866635.6906106,12575,51607800,train,4.818859
1785866639.4929173,12600,51710400,train,4.743232
1785866680.5429928,12625,51813000,train,4.703095
1785866684.4155679,12650,51915600,train,4.727570
1785866688.2704966,12675,52018200,train,4.720104
1785866692.0992405,12700,52120800,train,4.856010
1785866708.036707,12725,52223400,train,4.759534
1785866711.8379269,12750,52326000,train,4.808975
1785866712.812853,12750,52326000,eval,4.685076
1785866716.5773733,12775,52428600,train,4.774756
1785866720.419684,12800,52531200,train,4.784743
1785866736.436842,12825,52633800,train,4.870359
1785866740.5013719,12850,52736400,train,4.666694
1785866744.8067794,12875,52839000,train,4.804678
1785866748.7288404,12900,52941600,train,4.834714
1785866774.9557638,12925,53044200,train,4.761868
1785866778.630766,12950,53146800,train,4.772507
1785866782.3695424,12975,53249400,train,4.782950
1785866786.1606197,13000,53352000,train,4.782681
1785866787.0885608,13000,53352000,eval,4.668003
1785866802.9853704,13025,53454600,train,4.780707
1785866806.738865,13050,53557200,train,4.662984
1785866810.424967,13075,53659800,train,4.657088
1785866814.1644773,13100,53762400,train,4.714898
1785866830.2736664,13125,53865000,train,4.722367
1785866833.951007,13150,53967600,train,5.195651
1785866837.6810596,13175,54070200,train,4.803823
1785866841.4947588,13200,54172800,train,4.709297
1785866857.5102646,13225,54275400,train,4.746844
1785866861.2514534,13250,54378000,train,4.739843
1785866862.1856358,13250,54378000,eval,4.657725
1785866866.0279589,13275,54480600,train,4.722929
1785866869.790404,13300,54583200,train,4.707683
1785866885.9430785,13325,54685800,train,4.697388
1785866889.6809256,13350,54788400,train,4.839956
1785866893.3268168,13375,54891000,train,4.757301
1785866896.9270146,13400,54993600,train,4.743956
1785866912.9109545,13425,55096200,train,4.925076
1785866916.593432,13450,55198800,train,4.778914
1785866920.214287,13475,55301400,train,4.666814
1785866923.8664794,13500,55404000,train,4.731498
1785866924.8219512,13500,55404000,eval,4.639064
1785866940.9523573,13525,55506600,train,4.756542
1785866944.5410872,13550,55609200,train,4.771021
1785866948.1243756,13575,55711800,train,4.724942
1785866951.7302682,13600,55814400,train,4.731024
1785866967.6584013,13625,55917000,train,4.776902
1785866971.2676117,13650,56019600,train,4.703145
1785866974.9093552,13675,56122200,train,4.659217
1785866978.5203276,13700,56224800,train,4.803633
1785866994.8278012,13725,56327400,train,4.683383
1785866998.4162533,13750,56430000,train,4.659063
1785866999.3491285,13750,56430000,eval,4.615846
1785867003.0864463,13775,56532600,train,4.749605
1785867006.8894422,13800,56635200,train,4.655889
1785867022.845146,13825,56737800,train,4.719380
1785867026.4190547,13850,56840400,train,4.732843
1785867029.9965746,13875,56943000,train,4.758496
1785867033.5955868,13900,57045600,train,4.667395
1785867049.7302823,13925,57148200,train,4.686456
1785867053.3054812,13950,57250800,train,4.712841
1785867056.9331863,13975,57353400,train,4.666560
1785867060.568377,14000,57456000,train,4.704035
1785867061.6169116,14000,57456000,eval,4.612695
1785867077.4516618,14025,57558600,train,4.697152
1785867081.149927,14050,57661200,train,4.697504
1785867084.7521472,14075,57763800,train,4.775902
1785867088.3977475,14100,57866400,train,4.693071
1785867104.1350005,14125,57969000,train,4.764066
1785867107.7224004,14150,58071600,train,4.830419
1785867111.3175607,14175,58174200,train,4.708627
1785867115.037046,14200,58276800,train,4.759941
1785867130.7605243,14225,58379400,train,4.636452
1785867134.3574784,14250,58482000,train,4.752414
1785867135.2984977,14250,58482000,eval,4.607926
1785867139.0150115,14275,58584600,train,4.795566
1785867142.606482,14300,58687200,train,4.729045
1785867158.3216767,14325,58789800,train,4.680261
1785867162.0053856,14350,58892400,train,4.695396
1785867165.6131692,14375,58995000,train,4.695783
1785867169.2203476,14400,59097600,train,4.766709
1785867187.1669173,14425,59200200,train,4.695112
1785867190.7667668,14450,59302800,train,4.794059
1785867194.3380156,14475,59405400,train,4.816916
1785867197.9196692,14500,59508000,train,4.606787
1785867198.8307781,14500,59508000,eval,4.626116
1785867214.594757,14525,59610600,train,4.668229
1785867218.2719586,14550,59713200,train,4.643591
1785867222.015815,14575,59815800,train,4.649528
1785867225.626989,14600,59918400,train,4.690138
1785867241.7738454,14625,60021000,train,4.635885
1785867245.37986,14650,60123600,train,4.554464
1785867249.0018148,14675,60226200,train,4.596506
1785867252.6051698,14700,60328800,train,4.689651
1785867268.443703,14725,60431400,train,4.773678
1785867272.033337,14750,60534000,train,4.813098
1785867272.930628,14750,60534000,eval,4.581843
1785867276.5545774,14775,60636600,train,4.697081
1785867280.2793612,14800,60739200,train,4.655074
1785867296.159858,14825,60841800,train,4.355761
1785867299.776171,14850,60944400,train,4.712951
1785867303.4701812,14875,61047000,train,4.717487
1785867307.1651614,14900,61149600,train,4.769867
1785867323.1116178,14925,61252200,train,4.645016
1785867326.7218986,14950,61354800,train,4.698293
1785867330.3697464,14975,61457400,train,4.662445
1785867333.9530652,15000,61560000,train,4.741520
1785867334.8522997,15000,61560000,eval,4.569733
1785867350.7283719,15025,61662600,train,4.590335
1785867354.3270907,15050,61765200,train,4.633019
1785867357.999147,15075,61867800,train,4.754683
1785867361.591421,15100,61970400,train,4.631650
1785867377.3442998,15125,62073000,train,4.718500
1785867380.9343948,15150,62175600,train,4.660493
1785867384.5307784,15175,62278200,train,4.634665
1785867388.1225896,15200,62380800,train,4.866036
1785867404.001914,15225,62483400,train,4.623934
1785867407.606389,15250,62586000,train,4.705573
1785867408.5019653,15250,62586000,eval,4.556995
1785867412.0838826,15275,62688600,train,4.656934
1785867415.6805146,15300,62791200,train,4.673518
1785867431.5998704,15325,62893800,train,4.694058
1785867435.189978,15350,62996400,train,4.614967
1785867438.8082561,15375,63099000,train,4.770529
1785867442.5243976,15400,63201600,train,4.755462
1785867458.5144536,15425,63304200,train,4.626149
1785867462.1049666,15450,63406800,train,4.591899
1785867465.8368888,15475,63509400,train,4.707760
1785867469.4628308,15500,63612000,train,4.573907
1785867470.3545039,15500,63612000,eval,4.569244
1785867486.243598,15525,63714600,train,4.679470
1785867489.9468336,15550,63817200,train,4.670973
1785867493.5298767,15575,63919800,train,4.660430
1785867497.1438859,15600,64022400,train,4.604315
1785867513.0242965,15625,64125000,train,4.709459
1785867516.6256618,15650,64227600,train,4.594258
1785867520.2009234,15675,64330200,train,4.655076
1785867523.7935603,15700,64432800,train,4.709212
1785867539.7528174,15725,64535400,train,4.565954
1785867543.344074,15750,64638000,train,4.628182
1785867544.2290154,15750,64638000,eval,4.543932
1785867547.8358924,15775,64740600,train,4.661339
1785867551.4542327,15800,64843200,train,4.569555
1785867567.2871122,15825,64945800,train,4.706390
1785867570.8989942,15850,65048400,train,4.573895
1785867574.4882205,15875,65151000,train,4.699415
1785867578.086735,15900,65253600,train,4.572462
1785867593.9564676,15925,65356200,train,4.594423
1785867597.5284474,15950,65458800,train,4.573261
1785867601.1188834,15975,65561400,train,4.706219
1785867604.7474926,16000,65664000,train,4.633772
1785867605.74246,16000,65664000,eval,4.529953
1785867621.8263495,16025,65766600,train,4.679304
1785867625.476272,16050,65869200,train,4.547558
1785867629.1484196,16075,65971800,train,4.687224
1785867632.7611487,16100,66074400,train,4.611167
1785867648.6532826,16125,66177000,train,4.676412
1785867652.319163,16150,66279600,train,4.631423
1785867655.928834,16175,66382200,train,4.623621
1785867659.5209315,16200,66484800,train,4.649638
1785867675.4615052,16225,66587400,train,4.699016
1785867679.0783162,16250,66690000,train,4.590164
1785867679.9737928,16250,66690000,eval,4.521200
1785867683.5518215,16275,66792600,train,4.656887
1785867687.1268544,16300,66895200,train,4.600548
1785867706.838758,16325,66997800,train,4.617072
1785867710.439852,16350,67100400,train,4.661260
1785867714.0396483,16375,67203000,train,4.585811
1785867717.631052,16400,67305600,train,4.543483
1785867733.6618092,16425,67408200,train,4.708169
1785867737.2530496,16450,67510800,train,4.660112
1785867740.8363955,16475,67613400,train,4.664748
1785867744.4281652,16500,67716000,train,4.551946
1785867745.3177683,16500,67716000,eval,4.518994
1785867761.0908947,16525,67818600,train,4.663083
1785867764.681612,16550,67921200,train,4.637341
1785867768.2698755,16575,68023800,train,4.636550
1785867771.990908,16600,68126400,train,4.643611
1785867787.7055345,16625,68229000,train,4.519128
1785867791.3718624,16650,68331600,train,4.577735
1785867795.0784285,16675,68434200,train,4.639769
1785867798.6676385,16700,68536800,train,4.612605
1785867814.5459394,16725,68639400,train,4.689927
1785867818.2948225,16750,68742000,train,4.635214
1785867819.1953728,16750,68742000,eval,4.504698
1785867822.8187225,16775,68844600,train,4.713371
1785867826.4181943,16800,68947200,train,4.714051
1785867842.502721,16825,69049800,train,4.716418
1785867846.0916321,16850,69152400,train,4.571937
1785867849.6902084,16875,69255000,train,4.578128
1785867853.2722392,16900,69357600,train,4.630368
1785867869.2473733,16925,69460200,train,4.628986
1785867872.8348405,16950,69562800,train,4.577783
1785867876.4566987,16975,69665400,train,4.659696
1785867880.0854738,17000,69768000,train,4.590756
1785867880.9838917,17000,69768000,eval,4.499031
1785867896.8428586,17025,69870600,train,4.609785
1785867900.4322104,17050,69973200,train,4.601722
1785867904.0350168,17075,70075800,train,4.530625
1785867907.652565,17100,70178400,train,4.629099
1785867923.5554364,17125,70281000,train,4.497194
1785867927.1486807,17150,70383600,train,4.626522
1785867930.7294807,17175,70486200,train,4.608429
1785867934.44107,17200,70588800,train,4.611815
1785867950.1654866,17225,70691400,train,4.626333
1785867953.7779055,17250,70794000,train,4.617296
1785867954.6718957,17250,70794000,eval,4.505568
1785867958.3454273,17275,70896600,train,4.625283
1785867961.978618,17300,70999200,train,4.628184
1785867977.7955835,17325,71101800,train,4.700748
1785867981.5531096,17350,71204400,train,4.558875
1785867985.1476822,17375,71307000,train,4.568736
1785867988.7292666,17400,71409600,train,4.589864
1785868004.6838279,17425,71512200,train,4.515795
1785868008.2866623,17450,71614800,train,4.654824
1785868011.8875763,17475,71717400,train,4.651305
1785868015.464844,17500,71820000,train,4.629303
1785868016.3606021,17500,71820000,eval,4.506141
1785868032.2970998,17525,71922600,train,4.568499
1785868035.8970625,17550,72025200,train,4.550797
1785868039.4898112,17575,72127800,train,4.536428
1785868043.0669203,17600,72230400,train,4.580295
1785868058.8045206,17625,72333000,train,4.602460
1785868062.4166195,17650,72435600,train,4.542988
1785868066.0211813,17675,72538200,train,4.592387
1785868069.7004786,17700,72640800,train,4.541040
1785868085.6484003,17725,72743400,train,4.555389
1785868089.2648878,17750,72846000,train,4.544066
1785868090.165942,17750,72846000,eval,4.475257
1785868093.756348,17775,72948600,train,4.624543
1785868097.432406,17800,73051200,train,4.578061
1785868113.151643,17825,73153800,train,4.634870
1785868116.7698631,17850,73256400,train,4.578828
1785868120.3552186,17875,73359000,train,4.620586
1785868124.062807,17900,73461600,train,4.634629
1785868139.9479442,17925,73564200,train,4.589118
1785868143.6157398,17950,73666800,train,4.554524
1785868147.3635783,17975,73769400,train,4.599437
1785868150.9483018,18000,73872000,train,4.541430
1785868151.8593922,18000,73872000,eval,4.457052
1785868167.8220515,18025,73974600,train,4.496917
1785868171.4282715,18050,74077200,train,4.576137
1785868175.1020565,18075,74179800,train,4.630386
1785868179.0073721,18100,74282400,train,4.598722
1785868196.6561997,18125,74385000,train,4.615515
1785868200.3347516,18150,74487600,train,4.575476
1785868204.0224109,18175,74590200,train,4.575648
1785868207.8345463,18200,74692800,train,4.713500
1785868223.71168,18225,74795400,train,4.562140
1785868227.4101696,18250,74898000,train,4.626355
1785868228.3234646,18250,74898000,eval,4.456449
1785868232.1905787,18275,75000600,train,4.606528
1785868236.2509542,18300,75103200,train,4.718553
1785868252.3553636,18325,75205800,train,4.549518
1785868256.0215735,18350,75308400,train,4.693983
1785868259.7904224,18375,75411000,train,4.604301
1785868263.4891603,18400,75513600,train,4.370753
1785868279.4024675,18425,75616200,train,4.534499
1785868283.2373927,18450,75718800,train,4.500616
1785868287.0272148,18475,75821400,train,4.494166
1785868290.6999998,18500,75924000,train,4.588500
1785868291.625518,18500,75924000,eval,4.467555
1785868308.3691173,18525,76026600,train,4.696818
1785868312.0383341,18550,76129200,train,4.618215
1785868315.7446141,18575,76231800,train,4.593603
1785868319.4965487,18600,76334400,train,4.559515
1785868335.3505445,18625,76437000,train,4.523713
1785868338.9668403,18650,76539600,train,4.552509
1785868342.700415,18675,76642200,train,4.487410
1785868346.268405,18700,76744800,train,4.477939
1785868363.0886092,18725,76847400,train,4.694690
1785868366.8138123,18750,76950000,train,4.609327
1785868367.7672873,18750,76950000,eval,4.442275
1785868371.615269,18775,77052600,train,4.505458
1785868375.863606,18800,77155200,train,4.605256
1785868395.4646432,18825,77257800,train,4.547060
1785868399.2078118,18850,77360400,train,4.613584
1785868402.903159,18875,77463000,train,4.607209
1785868406.6183808,18900,77565600,train,4.477866
1785868437.3289344,18925,77668200,train,4.513310
1785868441.0746,18950,77770800,train,4.565760
1785868444.7893374,18975,77873400,train,4.548994
1785868448.3980095,19000,77976000,train,4.537840
1785868449.3163214,19000,77976000,eval,4.442125
1785868465.2475164,19025,78078600,train,4.538560
1785868469.0763772,19050,78181200,train,4.673165
1785868472.6555076,19075,78283800,train,4.627317
1785868476.2740445,19100,78386400,train,4.577683
1785868492.1767576,19125,78489000,train,4.531413
1785868495.7731717,19150,78591600,train,4.569783
1785868499.31627,19175,78694200,train,4.523171
1785868502.8933353,19200,78796800,train,4.521603
1785868518.773169,19225,78899400,train,4.586994
1785868522.3900738,19250,79002000,train,4.531882
1785868523.3042734,19250,79002000,eval,4.429984
1785868527.0093691,19275,79104600,train,4.608235
1785868530.6894193,19300,79207200,train,4.694216
1785868546.9532678,19325,79309800,train,4.538437
1785868550.4862492,19350,79412400,train,4.558191
1785868554.0535505,19375,79515000,train,4.555434
1785868557.6471612,19400,79617600,train,4.686301
1785868573.904665,19425,79720200,train,4.545528
1785868577.6290998,19450,79822800,train,4.526288
1785868581.2887876,19475,79925400,train,4.469443
1785868585.0427737,19500,80028000,train,4.472682
1785868586.0063343,19500,80028000,eval,4.433276
1785868602.0842772,19525,80130600,train,4.547582
1785868605.7703981,19550,80233200,train,4.591630
1785868609.4407656,19575,80335800,train,4.549217
1785868613.0751765,19600,80438400,train,4.627858
1785868654.9317398,19625,80541000,train,4.522964
1785868658.574267,19650,80643600,train,4.438540
1785868662.305345,19675,80746200,train,4.515439
1785868665.9546895,19700,80848800,train,4.533769
1785868682.0400054,19725,80951400,train,4.634556
1785868685.6237538,19750,81054000,train,4.516936
1785868686.5305266,19750,81054000,eval,4.425175
1785868690.0984073,19775,81156600,train,4.551527
1785868693.6822586,19800,81259200,train,4.491435
1785868709.5059786,19825,81361800,train,4.574994
1785868713.11329,19850,81464400,train,4.550205
1785868716.8641076,19875,81567000,train,4.481609
1785868720.4851775,19900,81669600,train,4.482564
1785868736.4890945,19925,81772200,train,4.600305
1785868740.4739654,19950,81874800,train,4.649920
1785868744.4429476,19975,81977400,train,4.413660
1785868748.1336808,20000,82080000,train,4.460175
1785868749.170311,20000,82080000,eval,4.435122
1785868764.9071848,20025,82182600,train,4.621146
1785868768.4429097,20050,82285200,train,4.566185
1785868772.0944548,20075,82387800,train,4.531140
1785868775.679533,20100,82490400,train,4.488330
1785868791.7058954,20125,82593000,train,4.500179
1785868795.4576256,20150,82695600,train,4.536592
1785868799.074395,20175,82798200,train,4.496178
1785868802.6459315,20200,82900800,train,4.544847
1785868818.9809494,20225,83003400,train,4.481267
1785868822.6245103,20250,83106000,train,4.524071
1785868823.5100374,20250,83106000,eval,4.424923
1785868827.1164064,20275,83208600,train,4.632802
1785868830.8416116,20300,83311200,train,4.534994
1785868847.1024764,20325,83413800,train,4.422675
1785868850.6705089,20350,83516400,train,4.472988
1785868854.3113208,20375,83619000,train,4.477663
1785868858.1076603,20400,83721600,train,4.521968
1785868874.0457492,20425,83824200,train,4.488309
1785868877.7198389,20450,83926800,train,4.645734
1785868881.3504612,20475,84029400,train,4.535757
1785868885.019616,20500,84132000,train,4.509855
1785868886.0380821,20500,84132000,eval,4.409859
1785868902.337918,20525,84234600,train,4.500596
1785868906.0599182,20550,84337200,train,4.470472
1785868909.8601122,20575,84439800,train,4.510759
1785868913.6774495,20600,84542400,train,4.490276
1785868929.6193943,20625,84645000,train,4.573984
1785868933.2856398,20650,84747600,train,4.529493
1785868937.0993237,20675,84850200,train,4.469364
1785868940.8602343,20700,84952800,train,4.530315
1785868957.0700872,20725,85055400,train,4.466814
1785868960.8110075,20750,85158000,train,4.583981
1785868961.703792,20750,85158000,eval,4.404399
1785868965.5098264,20775,85260600,train,4.583728
1785868969.1440992,20800,85363200,train,4.540787
1785868985.8084254,20825,85465800,train,4.503479
1785868989.8352277,20850,85568400,train,4.523042
1785868993.9997923,20875,85671000,train,4.504220
1785868998.660901,20900,85773600,train,4.499388
1785869014.8012834,20925,85876200,train,4.522894
1785869018.4354882,20950,85978800,train,4.468626
1785869022.05729,20975,86081400,train,4.495534
1785869025.9119244,21000,86184000,train,4.436407
1785869026.989783,21000,86184000,eval,4.393801
1785869043.4703646,21025,86286600,train,4.592401
1785869047.5360482,21050,86389200,train,4.542115
1785869051.223004,21075,86491800,train,4.511266
1785869055.0004175,21100,86594400,train,4.227062
1785869070.8690195,21125,86697000,train,4.575336
1785869074.7141156,21150,86799600,train,4.490838
1785869078.5990057,21175,86902200,train,4.400540
1785869082.3066401,21200,87004800,train,4.534895
1785869098.7013304,21225,87107400,train,4.413799
1785869102.5117693,21250,87210000,train,4.493747
1785869103.6407394,21250,87210000,eval,4.402822
1785869107.436598,21275,87312600,train,4.500703
1785869111.2931824,21300,87415200,train,4.552279
1785869127.231698,21325,87517800,train,4.543551
1785869130.941889,21350,87620400,train,4.834525
1785869134.683311,21375,87723000,train,4.504670
1785869138.5749185,21400,87825600,train,4.571641
1785869154.9955814,21425,87928200,train,4.535330
1785869158.5923781,21450,88030800,train,4.512721
1785869162.1619658,21475,88133400,train,4.562672
1785869165.7242396,21500,88236000,train,4.458364
1785869166.629765,21500,88236000,eval,4.395241
1785869182.4908018,21525,88338600,train,4.556031
1785869186.098499,21550,88441200,train,4.653136
1785869189.905716,21575,88543800,train,4.486721
1785869193.4888916,21600,88646400,train,4.412649
1785869248.7321415,21625,88749000,train,4.417686
1785869252.2688334,21650,88851600,train,4.556690
1785869255.837308,21675,88954200,train,4.417025
1785869259.374115,21700,89056800,train,4.432263
1785869275.1341612,21725,89159400,train,4.548452
1785869278.6549234,21750,89262000,train,4.570182
1785869279.5623267,21750,89262000,eval,4.387527
1785869283.113684,21775,89364600,train,4.525119
1785869286.6528127,21800,89467200,train,4.493041
1785869302.5570905,21825,89569800,train,4.561286
1785869306.1523921,21850,89672400,train,4.535561
1785869309.703067,21875,89775000,train,4.516173
1785869313.3323197,21900,89877600,train,4.532251
1785869329.2042747,21925,89980200,train,4.484286
1785869332.7594295,21950,90082800,train,4.544623
1785869336.3053236,21975,90185400,train,4.481827
1785869339.9721422,22000,90288000,train,4.392454
1785869340.86645,22000,90288000,eval,4.374193
1785869356.9556918,22025,90390600,train,4.302459
1785869360.504057,22050,90493200,train,4.460583
1785869364.2176569,22075,90595800,train,4.500567
1785869367.8352406,22100,90698400,train,4.520098
1785871853.8582878,22125,90801000,train,4.564457
1785871858.5420833,22150,90903600,train,4.350740
1785871863.1526701,22175,91006200,train,4.468337
1785871868.2680023,22200,91108800,train,4.392333
1785871899.1422117,22225,91211400,train,4.278955
1785871903.506388,22250,91314000,train,4.426378
1785871904.9720213,22250,91314000,eval,4.375380
1785871909.620619,22275,91416600,train,4.411797
1785871914.1615949,22300,91519200,train,4.404896
1785872007.3034313,22325,91621800,train,4.363158
1785872012.1135375,22350,91724400,train,4.347321
1785872016.3570783,22375,91827000,train,4.550541
1785872021.3178668,22400,91929600,train,4.428958
1785872097.7640686,22425,92032200,train,4.374803
1785872101.8691597,22450,92134800,train,4.403441
1785872105.68778,22475,92237400,train,4.586332
1785872109.6924846,22500,92340000,train,4.451775
1785872110.837066,22500,92340000,eval,4.349911
1785872289.4290252,22525,92442600,train,4.578610
1785872293.1104665,22550,92545200,train,4.434928
1785872296.8292718,22575,92647800,train,4.346613
1785872300.4641101,22600,92750400,train,4.418489
1785872463.7418046,22625,92853000,train,4.423056
1785872467.4461462,22650,92955600,train,4.433564
1785872471.2105737,22675,93058200,train,4.428151
1785872474.8359694,22700,93160800,train,4.398413
1785872661.954277,22725,93263400,train,4.483465
1785872665.62613,22750,93366000,train,4.423166
1785872666.520082,22750,93366000,eval,4.339756
1785872670.1762753,22775,93468600,train,4.596573
1785872673.8214924,22800,93571200,train,4.390807
1785872851.789056,22825,93673800,train,4.475320
1785872855.4162333,22850,93776400,train,4.352675
1785872859.0310905,22875,93879000,train,4.472835
1785872862.5799723,22900,93981600,train,4.436472
1785873023.5350456,22925,94084200,train,4.411905
1785873027.4687073,22950,94186800,train,4.503446
1785873031.382597,22975,94289400,train,4.482570
1785873035.1339195,23000,94392000,train,4.362637
1785873036.162188,23000,94392000,eval,4.326612
1785873217.952838,23025,94494600,train,4.433326
1785873222.2208016,23050,94597200,train,4.361741
1785873230.535596,23075,94699800,train,4.417990
1785873240.223166,23100,94802400,train,4.397247
1785873407.6101952,23125,94905000,train,4.403038
1785873417.321216,23150,95007600,train,4.403330
1785873426.985823,23175,95110200,train,4.513255
1785873436.643383,23200,95212800,train,4.535760
1785873627.0600948,23225,95315400,train,4.389402
1785873630.340149,23250,95418000,train,4.383349
1785873631.156598,23250,95418000,eval,4.326465
1785873634.4593925,23275,95520600,train,4.420087
1785873637.7485209,23300,95623200,train,4.467242
1785873817.3846579,23325,95725800,train,4.485155
1785873820.6733649,23350,95828400,train,4.451536
1785873823.9854548,23375,95931000,train,4.517272
1785873827.2933297,23400,96033600,train,4.344984
1785873894.2312212,23425,96136200,train,4.445602
1785873898.0875254,23450,96238800,train,4.495268
1785873901.530565,23475,96341400,train,4.421021
1785873904.8501422,23500,96444000,train,4.342490
1785873905.6771197,23500,96444000,eval,4.315925
1785873922.3005974,23525,96546600,train,4.497113
1785873925.7715757,23550,96649200,train,4.415319
1785873929.3669274,23575,96751800,train,4.419933
1785873932.6544955,23600,96854400,train,4.441058
1785873949.1113608,23625,96957000,train,4.372887
1785873952.4120464,23650,97059600,train,4.469501
1785873955.7007437,23675,97162200,train,4.452460
1785873958.9884222,23700,97264800,train,4.442714
1785873975.3300982,23725,97367400,train,4.405712
1785873978.8553681,23750,97470000,train,4.490466
1785873979.6743283,23750,97470000,eval,4.313313
1785873982.9922025,23775,97572600,train,4.285675
1785873986.3239665,23800,97675200,train,4.473635
1785874002.218155,23825,97777800,train,4.459751
1785874005.8305087,23850,97880400,train,4.289449
1785874009.4573386,23875,97983000,train,4.431276
1785874012.7358744,23900,98085600,train,4.419116
1785874028.4788125,23925,98188200,train,4.367759
1785874031.7554958,23950,98290800,train,4.423031
1785874035.051368,23975,98393400,train,4.480844
1785874038.4901419,24000,98496000,train,4.475133
1785874039.3410525,24000,98496000,eval,4.316223
1785874055.8112936,24025,98598600,train,4.617063
1785874059.6898541,24050,98701200,train,4.454391
1785874063.015944,24075,98803800,train,4.440850
1785874066.4467402,24100,98906400,train,4.399327
1785874247.75332,24125,99009000,train,4.431000
1785874251.4860086,24150,99111600,train,4.460879
1785874255.239395,24175,99214200,train,4.363353
1785874259.2580912,24200,99316800,train,4.568676
1785874276.0527534,24225,99419400,train,4.294387
1785874279.3707793,24250,99522000,train,4.455451
1785874280.208938,24250,99522000,eval,4.308496
1785874283.7301893,24275,99624600,train,4.436822
1785874287.2066412,24300,99727200,train,4.231888
1785874309.342065,24325,99829800,train,4.731582
1785874312.8045704,24350,99932400,train,4.347239
1785874316.3006935,24375,100035000,train,4.452066
1785874319.9436693,24400,100137600,train,4.460614
1785874339.5387044,24425,100240200,train,4.328214
1785874343.9113662,24450,100342800,train,4.410019
1785874347.753963,24475,100445400,train,4.412970
1785874351.5171125,24500,100548000,train,4.388017
1785874352.4297411,24500,100548000,eval,4.294016
1785875346.1739137,24525,100650600,train,4.504832
1785875349.6132267,24550,100753200,train,4.154576
1785875353.0519571,24575,100855800,train,4.283755
1785875356.4848628,24600,100958400,train,4.264201
1785875361.04456,24625,101061000,train,4.062584
1785875364.8709805,24650,101163600,train,4.268742
1785875368.6758733,24675,101266200,train,4.183604
1785875372.4062674,24700,101368800,train,4.281531
1785875375.8853643,24725,101471400,train,4.166022
1785875379.3488717,24750,101574000,train,4.220227
1785875380.2168856,24750,101574000,eval,4.295051
1785875383.675123,24775,101676600,train,4.259825
1785875387.1210341,24800,101779200,train,4.338193
1785875391.8600788,24825,101881800,train,4.214366
1785875395.3936942,24850,101984400,train,4.242988
1785875398.8333592,24875,102087000,train,4.363754
1785875402.2540078,24900,102189600,train,4.314940
1785875405.7153375,24925,102292200,train,4.347093
1785875409.170275,24950,102394800,train,4.351383
1785875412.5572054,24975,102497400,train,4.159075
1785875416.0681012,25000,102600000,train,4.226046
1785875416.9032795,25000,102600000,eval,4.283274
1785875421.433436,25025,102702600,train,4.279193
1785875424.917339,25050,102805200,train,4.272962
1785875428.3632805,25075,102907800,train,4.214228
1785875431.8178558,25100,103010400,train,4.242551
1785875435.339434,25125,103113000,train,4.277891
1785875438.825726,25150,103215600,train,4.367295
1785875442.2744648,25175,103318200,train,4.378067
1785875445.7205198,25200,103420800,train,4.203778
1785875450.401695,25225,103523400,train,4.276494
1785875453.826389,25250,103626000,train,4.236668
1785875454.6716635,25250,103626000,eval,4.282292
1785875458.1346874,25275,103728600,train,4.290767
1785875461.584936,25300,103831200,train,4.245906
1785875466.3181648,25325,103933800,train,4.281048
1785875469.76988,25350,104036400,train,4.300991
1785875473.2217128,25375,104139000,train,4.333472
1785875476.66272,25400,104241600,train,4.220505
1785875480.1316278,25425,104344200,train,4.270906
1785875483.58672,25450,104446800,train,4.165770
1785875487.022077,25475,104549400,train,4.276030
1785875490.4644804,25500,104652000,train,4.217827
1785875491.3182852,25500,104652000,eval,4.271457
1785875494.775129,25525,104754600,train,4.230870
1785875498.3019536,25550,104857200,train,4.239165
1785875501.7040367,25575,104959800,train,4.316763
1785875505.113464,25600,105062400,train,4.425760
1785875509.5077002,25625,105165000,train,4.212346
1785875512.983525,25650,105267600,train,4.255566
1785875516.4089892,25675,105370200,train,4.267165
1785875519.8538024,25700,105472800,train,4.313439
1785875523.3077474,25725,105575400,train,4.341468
1785875526.7676363,25750,105678000,train,4.237550
1785875527.6257062,25750,105678000,eval,4.277447
1785875531.0820994,25775,105780600,train,4.349260
1785875534.5743756,25800,105883200,train,4.247966
1785875538.0888274,25825,105985800,train,4.207125
1785875541.5383584,25850,106088400,train,4.347914
1785875545.016671,25875,106191000,train,4.294730
1785875548.4199634,25900,106293600,train,4.169690
1785875552.6433747,25925,106396200,train,4.307620
1785875556.1438665,25950,106498800,train,4.334296
1785875559.610609,25975,106601400,train,4.250733
1785875563.1015544,26000,106704000,train,4.270756
1785875563.949718,26000,106704000,eval,4.268782
1785875567.4415653,26025,106806600,train,4.290695
1785875571.1992688,26050,106909200,train,4.181336
1785875574.6752653,26075,107011800,train,4.326409
1785875578.0890174,26100,107114400,train,4.333805
1785875582.2769213,26125,107217000,train,4.251243
1785875585.789883,26150,107319600,train,4.320546
1785875589.6597059,26175,107422200,train,4.147822
1785875593.3377638,26200,107524800,train,4.281065
1785875596.787622,26225,107627400,train,4.320619
1785875600.2097917,26250,107730000,train,4.154892
1785875601.04426,26250,107730000,eval,4.346575
1785875604.4622245,26275,107832600,train,4.259119
1785875607.8782172,26300,107935200,train,4.277178
1785875611.9621916,26325,108037800,train,4.214574
1785875615.452516,26350,108140400,train,4.288142
1785875618.8736136,26375,108243000,train,4.298649
1785875622.2856586,26400,108345600,train,4.286814
1785875625.6750119,26425,108448200,train,4.446347
1785875629.1851637,26450,108550800,train,4.342236
1785875632.6021304,26475,108653400,train,4.324224
1785875636.0324094,26500,108756000,train,4.242079
1785875636.8687184,26500,108756000,eval,4.271871
1785875640.991946,26525,108858600,train,4.283217
1785875644.4223924,26550,108961200,train,4.341847
1785875647.8053367,26575,109063800,train,4.187990
1785875651.1980712,26600,109166400,train,4.358031
1785875654.5600479,26625,109269000,train,4.280307
1785875657.8134935,26650,109371600,train,4.204104
1785875661.0685158,26675,109474200,train,4.310369
1785875664.3195047,26700,109576800,train,4.167449
1785875668.433383,26725,109679400,train,4.415554
1785875671.7957842,26750,109782000,train,4.199874
1785875672.6317832,26750,109782000,eval,4.279485
1785875675.9987607,26775,109884600,train,4.352626
1785875679.264895,26800,109987200,train,4.293783
1785875683.4499302,26825,110089800,train,4.216434
1785875686.8334732,26850,110192400,train,4.243104
1785875690.183012,26875,110295000,train,4.326744
1785875693.5009654,26900,110397600,train,4.200842
1785875697.706916,26925,110500200,train,4.277435
1785875701.0905306,26950,110602800,train,4.496037
1785875704.4491081,26975,110705400,train,4.397626
1785875707.7447314,27000,110808000,train,4.323955
1785875708.5687456,27000,110808000,eval,4.257330
1785875712.6379874,27025,110910600,train,4.361093
1785875715.9950404,27050,111013200,train,4.375051
1785875719.3758469,27075,111115800,train,4.416372
1785875722.6718926,27100,111218400,train,4.359334
1785875726.8651667,27125,111321000,train,4.516312
1785875730.2199037,27150,111423600,train,4.446945
1785875733.576874,27175,111526200,train,4.352990
1785875736.8717537,27200,111628800,train,4.368181
1785875740.9842317,27225,111731400,train,4.334584
1785875744.3338442,27250,111834000,train,4.350985
1785875745.1628535,27250,111834000,eval,4.248162
1785875748.5103648,27275,111936600,train,4.433013
1785875751.8201165,27300,112039200,train,4.420690
1785875755.892741,27325,112141800,train,4.360701
1785875759.2412598,27350,112244400,train,4.384644
1785875762.6011007,27375,112347000,train,4.279109
1785875765.9540718,27400,112449600,train,4.380229
1785875770.2104673,27425,112552200,train,4.377079
1785875773.56172,27450,112654800,train,4.339865
1785875776.9167666,27475,112757400,train,4.362064
1785875780.2872307,27500,112860000,train,4.308570
1785875781.1045136,27500,112860000,eval,4.245880
1785875785.218616,27525,112962600,train,4.352384
1785875788.5939155,27550,113065200,train,4.282785
1785875791.966623,27575,113167800,train,4.388219
1785875795.2704582,27600,113270400,train,4.405315
1785875799.3514833,27625,113373000,train,4.400643
1785875802.7221935,27650,113475600,train,4.369823
1785875806.079705,27675,113578200,train,4.369498
1785875809.372688,27700,113680800,train,4.338237
1785875813.501021,27725,113783400,train,4.335159
1785875816.8519313,27750,113886000,train,4.366623
1785875817.6906068,27750,113886000,eval,4.238973
1785875821.0498104,27775,113988600,train,4.346240
1785875824.3209963,27800,114091200,train,4.358113
1785875828.3792865,27825,114193800,train,4.298275
1785875831.6747847,27850,114296400,train,4.319054
1785875834.9594722,27875,114399000,train,4.447339
1785875838.2785575,27900,114501600,train,4.334537
1785875841.5536487,27925,114604200,train,4.420066
1785875844.830521,27950,114706800,train,4.412664
1785875848.1149797,27975,114809400,train,4.245802
1785875851.498283,28000,114912000,train,4.377167
1785875852.9274626,28000,114912000,eval,4.240284
1785875856.6807792,28025,115014600,train,4.368683
1785875860.1162806,28050,115117200,train,4.401804
1785875863.5750313,28075,115219800,train,4.355730
1785879332.0282433,28100,115322400,train,4.329169
1785879360.0167515,28125,115425000,train,4.080247
1785879363.685551,28150,115527600,train,4.196790
1785879367.3351603,28175,115630200,train,4.102903
1785879370.8304305,28200,115732800,train,3.969139
1785879403.282793,28225,115835400,train,4.119159
1785879408.5288556,28250,115938000,train,4.143059
1785879409.9511328,28250,115938000,eval,4.240412
1785879413.748255,28275,116040600,train,4.163230
1785879417.441817,28300,116143200,train,4.058050
1785879458.3480797,28325,116245800,train,4.068129
1785879461.8341007,28350,116348400,train,4.266270
1785879465.4586625,28375,116451000,train,4.175962
1785879468.9315934,28400,116553600,train,4.107843
1785879539.877926,28425,116656200,train,4.107937
1785879543.7669399,28450,116758800,train,4.296823
1785879547.5419042,28475,116861400,train,4.188303
1785879552.2286737,28500,116964000,train,4.293996
1785879553.1210861,28500,116964000,eval,4.222055
1785879607.3414502,28525,117066600,train,4.196995
1785879610.9529057,28550,117169200,train,4.033215
1785879614.5279176,28575,117271800,train,4.160745
1785879618.0652657,28600,117374400,train,4.130566
1785879642.47483,28625,117477000,train,4.154724
1785879646.0825493,28650,117579600,train,4.169529
1785879649.6790028,28675,117682200,train,4.140610
1785879653.2128167,28700,117784800,train,4.214231
1785879677.0223377,28725,117887400,train,4.170086
1785879680.6307294,28750,117990000,train,4.294167
1785879681.4958875,28750,117990000,eval,4.227256
1785879685.0645485,28775,118092600,train,4.081732
1785879688.655425,28800,118195200,train,4.223447
1785879712.810707,28825,118297800,train,4.091562
1785879716.3662772,28850,118400400,train,4.196109
1785879719.936786,28875,118503000,train,4.104343
1785879723.4532218,28900,118605600,train,4.171315
1785879746.2490578,28925,118708200,train,4.231736
1785879749.865561,28950,118810800,train,4.216978
1785879753.4417343,28975,118913400,train,4.090384
1785879756.9830925,29000,119016000,train,4.177553
1785879757.9401507,29000,119016000,eval,4.214799
1785879782.1825888,29025,119118600,train,4.048351
1785879785.70272,29050,119221200,train,4.142141
1785879789.265134,29075,119323800,train,4.133811
1785879792.7650778,29100,119426400,train,4.132863
1785879821.5566611,29125,119529000,train,4.129967
1785879824.9889884,29150,119631600,train,4.238467
1785879828.3587885,29175,119734200,train,4.272356
1785879831.7401416,29200,119836800,train,4.134985
1785879860.462293,29225,119939400,train,4.112370
1785879863.859572,29250,120042000,train,4.161295
1785879864.6898382,29250,120042000,eval,4.218406
1785879868.1237178,29275,120144600,train,4.215159
1785879871.4957447,29300,120247200,train,4.198761
1785879892.1513314,29325,120349800,train,4.179362
1785879895.4858909,29350,120452400,train,4.257435
1785879898.8399367,29375,120555000,train,4.106571
1785879902.1286545,29400,120657600,train,4.137147
1785879925.2985268,29425,120760200,train,4.242514
1785879928.580903,29450,120862800,train,4.159632
1785879931.9230802,29475,120965400,train,4.071878
1785879935.3331072,29500,121068000,train,4.251424
1785879936.1590898,29500,121068000,eval,4.211862
1785879955.961903,29525,121170600,train,4.152548
1785879959.385439,29550,121273200,train,4.157491
1785879962.8050609,29575,121375800,train,4.196931
1785879966.1401746,29600,121478400,train,4.081202
1785879996.151786,29625,121581000,train,4.184905
1785879999.541947,29650,121683600,train,4.186216
1785880002.9765344,29675,121786200,train,4.202027
1785880006.3273022,29700,121888800,train,4.166578
1785880035.6436162,29725,121991400,train,4.239432
1785880038.923593,29750,122094000,train,3.985294
1785880039.7318187,29750,122094000,eval,4.217814
1785880043.017161,29775,122196600,train,4.219419
1785880046.2808516,29800,122299200,train,4.205230
1785880078.2510262,29825,122401800,train,4.026801
1785880081.5369337,29850,122504400,train,4.167215
1785880084.8220901,29875,122607000,train,4.164038
1785880088.0921931,29900,122709600,train,4.125531
1785880110.5041997,29925,122812200,train,4.163799
1785880113.781406,29950,122914800,train,4.211706
1785880117.0493522,29975,123017400,train,4.179994
1785880120.332223,30000,123120000,train,4.364901
1785880121.1411939,30000,123120000,eval,4.213823
1785880142.2765744,30025,123222600,train,4.216709
1785880145.5535088,30050,123325200,train,4.212054
1785880148.8440437,30075,123427800,train,4.146030
1785880152.0989895,30100,123530400,train,4.191658
1785880183.8477132,30125,123633000,train,4.204489
1785880187.1842134,30150,123735600,train,4.078400
1785880190.481365,30175,123838200,train,4.297203
1785880193.737759,30200,123940800,train,4.094833
1785880221.5679784,30225,124043400,train,4.145993
1785880224.9213607,30250,124146000,train,4.195881
1785880225.755424,30250,124146000,eval,4.211961
1785880683.7928379,30275,124248600,train,4.209429
1785880687.9177554,30300,124351200,train,4.176639
1785880749.3081112,30325,124453800,train,4.321347
1785880754.5468445,30350,124556400,train,4.187104
1785880758.776257,30375,124659000,train,4.177245
1785880762.7743168,30400,124761600,train,4.307754
1785880799.8769052,30425,124864200,train,4.204630
1785880804.779237,30450,124966800,train,4.281516
1785880808.7704506,30475,125069400,train,4.246497
1785880812.9113529,30500,125172000,train,4.261801
1785880816.0599084,30500,125172000,eval,4.181733
1785880845.2544432,30525,125274600,train,4.231826
1785880849.2069173,30550,125377200,train,4.256688
1785880853.2277143,30575,125479800,train,4.188395
1785880857.1397874,30600,125582400,train,4.283195
1785880891.8849835,30625,125685000,train,4.259814
1785880895.7754738,30650,125787600,train,4.368362
1785880900.374841,30675,125890200,train,4.218368
1785880904.3720524,30700,125992800,train,4.230569
1785880954.045641,30725,126095400,train,4.315879
1785880957.727673,30750,126198000,train,4.165594
1785880958.632717,30750,126198000,eval,4.174261
1785880962.249485,30775,126300600,train,4.174517
1785880965.9199662,30800,126403200,train,4.166820
1785881143.3578088,30825,126505800,train,4.145167
1785881147.263999,30850,126608400,train,4.178486
1785881150.9752507,30875,126711000,train,4.259882
1785881154.8836498,30900,126813600,train,4.160779
1785881332.820718,30925,126916200,train,4.175925
1785881338.0096612,30950,127018800,train,4.266672
1785881343.111236,30975,127121400,train,4.244133
1785881348.146521,31000,127224000,train,4.156816
1785881349.4553754,31000,127224000,eval,4.169730
1785881483.7628644,31025,127326600,train,4.308898
1785881489.6681638,31050,127429200,train,4.168711
1785881495.7246096,31075,127531800,train,4.268768
1785881500.7831192,31100,127634400,train,4.204845
1785881518.0914738,31125,127737000,train,4.287817
1785881523.2907786,31150,127839600,train,4.252344
1785881528.7810564,31175,127942200,train,4.290449
1785881533.6612325,31200,128044800,train,4.398210
1785881554.2347574,31225,128147400,train,4.235390
1785881559.0486615,31250,128250000,train,4.140130
1785881560.2287004,31250,128250000,eval,4.168892
1785881565.09435,31275,128352600,train,4.209933
1785881569.7015262,31300,128455200,train,4.273473
1785881587.9070475,31325,128557800,train,4.257190
1785881592.8411014,31350,128660400,train,4.177253
1785881597.7536526,31375,128763000,train,4.211031
1785881602.5658631,31400,128865600,train,4.263232
1785881621.5769079,31425,128968200,train,4.308654
1785881626.8133056,31450,129070800,train,4.113198
1785881631.9314795,31475,129173400,train,4.393870
1785881636.8906965,31500,129276000,train,4.190972
1785881638.1439974,31500,129276000,eval,4.158829
1785881655.8937466,31525,129378600,train,4.185508
1785881660.930661,31550,129481200,train,4.238683
1785881665.6857293,31575,129583800,train,4.300551
1785881670.5797167,31600,129686400,train,4.274596
1785881688.5172255,31625,129789000,train,4.258617
1785881693.461643,31650,129891600,train,4.212120
1785881698.268142,31675,129994200,train,4.187519
1785881702.8893938,31700,130096800,train,4.242978
1785881723.6537197,31725,130199400,train,4.095336
1785881728.395121,31750,130302000,train,4.336450
1785881729.7040417,31750,130302000,eval,4.161139
1785881734.5947287,31775,130404600,train,4.204236
1785881739.4601626,31800,130507200,train,4.260087
1785881757.8451564,31825,130609800,train,4.262636
1785881762.4664805,31850,130712400,train,4.214790
1785881768.0991051,31875,130815000,train,4.209183
1785881773.9068446,31900,130917600,train,4.170479
1785881792.6301992,31925,131020200,train,4.248267
1785881797.658762,31950,131122800,train,4.182498
1785881802.6570873,31975,131225400,train,4.153340
1785881807.8813999,32000,131328000,train,4.284074
1785881809.2505617,32000,131328000,eval,4.159757
1785881826.8854847,32025,131430600,train,4.185293
1785881831.9121974,32050,131533200,train,4.318143
1785881837.2432427,32075,131635800,train,4.261729
1785881842.1009004,32100,131738400,train,4.226486
1785881859.4697084,32125,131841000,train,4.260294
1785881864.3528204,32150,131943600,train,4.157532
1785881869.3360431,32175,132046200,train,4.202987
1785881874.1922207,32200,132148800,train,4.236427
1785881891.7126358,32225,132251400,train,4.279549
1785881896.463685,32250,132354000,train,4.204575
1785881897.7118347,32250,132354000,eval,4.145728
1785881902.6394677,32275,132456600,train,4.231243
1785881907.821252,32300,132559200,train,4.097951
1785881925.2859058,32325,132661800,train,4.171037
1785881930.1489675,32350,132764400,train,4.226802
1785881934.8662431,32375,132867000,train,4.226577
1785881939.6880708,32400,132969600,train,4.232212
1785881957.674735,32425,133072200,train,4.145802
1785881962.5420003,32450,133174800,train,4.238063
1785881967.5062292,32475,133277400,train,4.294665
1785881972.241014,32500,133380000,train,4.139686
1785881973.4300458,32500,133380000,eval,4.150971
1785881990.8780947,32525,133482600,train,4.224469
1785881995.528626,32550,133585200,train,4.218833
1785882000.5712705,32575,133687800,train,4.237928
1785882005.358603,32600,133790400,train,4.095078
1785882022.9690964,32625,133893000,train,4.176043
1785882027.923209,32650,133995600,train,4.159656
1785882032.6816902,32675,134098200,train,4.266551
1785882037.3966234,32700,134200800,train,4.278809
1785882054.8461628,32725,134303400,train,4.120824
1785882059.9241536,32750,134406000,train,4.149291
1785882061.166086,32750,134406000,eval,4.146826
1785882065.9240072,32775,134508600,train,4.268509
1785882071.4644542,32800,134611200,train,4.179837
1785882089.1331584,32825,134713800,train,4.277460
1785882093.6604726,32850,134816400,train,4.208165
1785882098.2979612,32875,134919000,train,4.189981
1785882103.1274183,32900,135021600,train,4.206371
1785882120.3746943,32925,135124200,train,4.202175
1785882125.0004575,32950,135226800,train,4.225864
1785882129.9095757,32975,135329400,train,4.272149
1785882134.7719836,33000,135432000,train,4.289829
1785882135.9702594,33000,135432000,eval,4.139950
1785882153.358686,33025,135534600,train,4.236329
1785882158.0159028,33050,135637200,train,4.164256
1785882162.7645674,33075,135739800,train,4.302039
1785882167.9743748,33100,135842400,train,4.258913
1785882200.810686,33125,135945000,train,4.269007
1785882205.5861468,33150,136047600,train,4.122326
1785882210.3607852,33175,136150200,train,4.160339
1785882215.0860922,33200,136252800,train,4.226879
1785882232.3886387,33225,136355400,train,4.251979
1785882237.2199476,33250,136458000,train,4.280334
1785882238.4542747,33250,136458000,eval,4.136670
1785882243.1668208,33275,136560600,train,4.162142
1785882247.8043854,33300,136663200,train,4.002273
1785882265.1850889,33325,136765800,train,4.221502
1785882269.926777,33350,136868400,train,4.229695
1785882274.7379794,33375,136971000,train,4.145134
1785882279.502501,33400,137073600,train,4.259685
1785882296.9021852,33425,137176200,train,4.257993
1785882301.809633,33450,137278800,train,4.119287
1785882306.642568,33475,137381400,train,4.247774
1785882311.46694,33500,137484000,train,4.251150
1785882313.1114848,33500,137484000,eval,4.135772
1785882330.6303716,33525,137586600,train,4.270623
1785882335.787304,33550,137689200,train,4.259441
1785882340.5157375,33575,137791800,train,4.257980
1785882345.309848,33600,137894400,train,4.152512
1785882362.6403987,33625,137997000,train,4.291361
1785882367.5002234,33650,138099600,train,4.358453
1785882372.121397,33675,138202200,train,4.232917
1785882376.6470482,33700,138304800,train,4.236682
1785882394.0864913,33725,138407400,train,4.237069
1785882398.8206973,33750,138510000,train,4.212234
1785882400.073595,33750,138510000,eval,4.139309
1785882404.8614154,33775,138612600,train,4.198357
1785882409.9116874,33800,138715200,train,4.265028
1785882427.5890734,33825,138817800,train,4.235215
1785882432.351848,33850,138920400,train,4.253817
1785882436.9146807,33875,139023000,train,4.312369
1785882441.509273,33900,139125600,train,4.113060
1785882458.5397792,33925,139228200,train,4.175475
1785882463.1956022,33950,139330800,train,4.213286
1785882468.0718312,33975,139433400,train,4.269598
1785882472.7890887,34000,139536000,train,4.195606
1785882473.9629319,34000,139536000,eval,4.136279
1785882491.5036864,34025,139638600,train,4.132136
1785882496.1211245,34050,139741200,train,4.224029
1785882500.974514,34075,139843800,train,4.232816
1785882505.604695,34100,139946400,train,4.249383
1785882522.8666174,34125,140049000,train,4.300720
1785882527.797629,34150,140151600,train,4.142837
1785882532.592177,34175,140254200,train,4.357886
1785882538.3599565,34200,140356800,train,4.224490
1785882555.2755988,34225,140459400,train,4.375964
1785882560.0315251,34250,140562000,train,4.173082
1785882561.3229568,34250,140562000,eval,4.130932
1785882566.2228258,34275,140664600,train,4.255088
1785882571.211419,34300,140767200,train,4.267537
1785882588.8052332,34325,140869800,train,4.286913
1785882593.7456105,34350,140972400,train,4.247420
1785882598.7102017,34375,141075000,train,4.310916
1785882603.4915125,34400,141177600,train,4.209795
1785882620.625622,34425,141280200,train,4.244989
1785882625.5901394,34450,141382800,train,4.287284
1785882630.1391754,34475,141485400,train,4.230448
1785882635.0487962,34500,141588000,train,4.338427
1785882636.2325957,34500,141588000,eval,4.124267
1785882653.5124002,34525,141690600,train,4.166377
1785882658.7564633,34550,141793200,train,4.154188
1785882663.6570969,34575,141895800,train,4.269212
1785882668.8216934,34600,141998400,train,4.210415
1785882686.0072095,34625,142101000,train,4.228140
1785882690.6653383,34650,142203600,train,4.347026
1785882695.5418165,34675,142306200,train,4.323688
1785882700.6679223,34700,142408800,train,4.204700
1785882718.1394782,34725,142511400,train,4.204731
1785882722.7717092,34750,142614000,train,4.282950
1785882723.9349382,34750,142614000,eval,4.123806
1785882728.618683,34775,142716600,train,4.264965
1785882733.2018325,34800,142819200,train,4.296442
1785882750.4773922,34825,142921800,train,4.221739
1785882755.476109,34850,143024400,train,4.261421
1785882760.1498055,34875,143127000,train,4.223065
1785882764.9969914,34900,143229600,train,4.326513
1785882782.5946567,34925,143332200,train,4.331111
1785882787.459026,34950,143434800,train,4.281487
1785882792.1677718,34975,143537400,train,4.284387
1785882797.001353,35000,143640000,train,4.515702
1785882798.2320688,35000,143640000,eval,4.121374
1785882815.1366978,35025,143742600,train,4.381590
1785882820.0693593,35050,143845200,train,4.263293
1785882824.9713397,35075,143947800,train,4.218299
1785882829.6124864,35100,144050400,train,4.313986
1785882846.8177361,35125,144153000,train,4.255243
1785882851.5014517,35150,144255600,train,4.246892
1785882856.2468596,35175,144358200,train,4.223337
1785882860.991466,35200,144460800,train,4.256244
1785882878.0962396,35225,144563400,train,4.232720
1785882882.6810694,35250,144666000,train,4.313646
1785882883.9160903,35250,144666000,eval,4.119189
1785882888.6889653,35275,144768600,train,4.272509
1785882893.291775,35300,144871200,train,4.267190
1785882910.7407374,35325,144973800,train,4.210284
1785882915.7736597,35350,145076400,train,4.576153
1785882920.5403602,35375,145179000,train,4.222177
1785882925.236495,35400,145281600,train,4.221206
1785882943.2431343,35425,145384200,train,4.232016
1785882948.3845558,35450,145486800,train,4.172770
1785882953.2527797,35475,145589400,train,4.227807
1785882958.016321,35500,145692000,train,4.326517
1785882959.2640712,35500,145692000,eval,4.116823
1785882977.1562629,35525,145794600,train,4.317560
1785882982.1297839,35550,145897200,train,4.187252
1785882986.9468372,35575,145999800,train,4.285868
1785882991.7456253,35600,146102400,train,4.146660
1785883009.4616296,35625,146205000,train,4.230564
1785883014.072753,35650,146307600,train,4.289253
1785883018.8742497,35675,146410200,train,4.190064
1785883023.5987844,35700,146512800,train,4.268050
1785883041.5960124,35725,146615400,train,4.252751
1785883046.1922698,35750,146718000,train,4.209626
1785883047.3568652,35750,146718000,eval,4.115559
1785883051.9880393,35775,146820600,train,4.303322
1785883056.5459273,35800,146923200,train,4.285353
1785883074.6565123,35825,147025800,train,4.204997
1785883079.5224466,35850,147128400,train,4.234217
1785883084.4197035,35875,147231000,train,4.234986
1785883089.242835,35900,147333600,train,4.269245
1785883106.9059632,35925,147436200,train,4.314299
1785883111.5589187,35950,147538800,train,4.295235
1785883116.172041,35975,147641400,train,4.224685
1785883120.7599258,36000,147744000,train,4.229685
1785883121.9710414,36000,147744000,eval,4.113272
1785883139.3938856,36025,147846600,train,4.209484
1785883144.217634,36050,147949200,train,4.448780
1785883148.8666708,36075,148051800,train,4.269081
1785883153.5162373,36100,148154400,train,4.261637
1785883171.044441,36125,148257000,train,4.282370
1785883175.6696208,36150,148359600,train,4.266242
1785883180.3875637,36175,148462200,train,4.216498
1785883185.126523,36200,148564800,train,4.278321
1785883234.3853161,36225,148667400,train,4.288922
1785883239.0206816,36250,148770000,train,4.291332
1785883240.3067865,36250,148770000,eval,4.112205
1785883245.5346088,36275,148872600,train,4.193753
1785883250.2638457,36300,148975200,train,4.194893
1785883267.074086,36325,149077800,train,4.290425
1785883271.7971501,36350,149180400,train,4.147231
1785883276.3450506,36375,149283000,train,4.289736
1785883281.305603,36400,149385600,train,4.286769
1785883300.1178281,36425,149488200,train,4.268187
1785883304.7230914,36450,149590800,train,4.433734
1785883309.543055,36475,149693400,train,4.205446
1785883315.3353817,36500,149796000,train,4.296664
1785883316.2362266,36500,149796000,eval,4.112597
1785883332.4973874,36525,149898600,train,4.327498
1785883336.0147078,36550,150001200,train,4.308602
1785883339.5639484,36575,150103800,train,4.279889
1785883343.1164637,36600,150206400,train,4.257222
1785883359.7273107,36625,150309000,train,4.276055
1785883363.4691665,36650,150411600,train,4.121833
1785883367.292813,36675,150514200,train,4.243365
1785883371.0372653,36700,150616800,train,4.232576
1785883387.1405246,36725,150719400,train,4.229063
1785883390.9840472,36750,150822000,train,4.178283
1785883391.9174798,36750,150822000,eval,4.109416
1785883395.6414173,36775,150924600,train,4.265765
1785883399.4416947,36800,151027200,train,4.234071
1785883415.952814,36825,151129800,train,4.291683
1785883419.6877992,36850,151232400,train,4.292543
1785883423.4875958,36875,151335000,train,4.401285
1785883427.289065,36900,151437600,train,4.327457
1785883443.7304094,36925,151540200,train,4.348481
1785883447.5536811,36950,151642800,train,4.235410
1785883451.3256319,36975,151745400,train,4.205367
1785883455.0315006,37000,151848000,train,4.361258
1785883455.9753764,37000,151848000,eval,4.109911
1785883472.495399,37025,151950600,train,4.395809
1785883476.3390033,37050,152053200,train,4.380616
1785883479.899254,37075,152155800,train,4.522432
1785883483.4797258,37100,152258400,train,4.583715
1785883499.4721587,37125,152361000,train,4.386834
1785883503.0505407,37150,152463600,train,4.242224
1785883506.6596475,37175,152566200,train,4.312565
1785883510.2317605,37200,152668800,train,4.276412
1785883525.9587746,37225,152771400,train,4.288948
1785883529.6375582,37250,152874000,train,4.409504
1785883530.5238006,37250,152874000,eval,4.105746
1785883534.0737715,37275,152976600,train,4.278093
1785883537.6354327,37300,153079200,train,4.275973
1785883553.6543357,37325,153181800,train,4.344769
1785883557.211868,37350,153284400,train,4.259551
1785883560.806537,37375,153387000,train,4.260138
1785883564.360558,37400,153489600,train,4.304898
1785883580.0540361,37425,153592200,train,4.437683
1785883583.6102817,37450,153694800,train,4.277079
1785883587.1843188,37475,153797400,train,4.314739
1785883590.7772343,37500,153900000,train,4.289174
1785883591.6667209,37500,153900000,eval,4.104729
1785883607.5248506,37525,154002600,train,4.289524
1785883611.0892966,37550,154105200,train,4.331650
1785883614.6407785,37575,154207800,train,4.367526
1785883618.2319388,37600,154310400,train,4.179568
1785883634.0991232,37625,154413000,train,4.223002
1785883637.6572905,37650,154515600,train,4.298657
1785883641.2551737,37675,154618200,train,4.334106
1785883644.8211296,37700,154720800,train,4.285891
1785883662.5162601,37725,154823400,train,4.293650
1785883666.0984385,37750,154926000,train,4.287409
1785883666.9859266,37750,154926000,eval,4.103237
1785883670.6085145,37775,155028600,train,4.348690
1785883674.1692,37800,155131200,train,4.303460
1785883690.4848912,37825,155233800,train,4.472485
1785883694.067471,37850,155336400,train,4.336762
1785883697.6235209,37875,155439000,train,4.346016
1785883701.2262619,37900,155541600,train,4.439551
1785883717.4267457,37925,155644200,train,4.281778
1785883720.9955041,37950,155746800,train,4.313460
1785883724.5719757,37975,155849400,train,4.369903
1785883728.1532357,38000,155952000,train,4.242823
1785883729.046201,38000,155952000,eval,4.102746
1785883745.0923119,38025,156054600,train,4.267772
1785883748.7263925,38050,156157200,train,4.438482
1785883752.4690878,38075,156259800,train,4.317218
1785883756.0390503,38100,156362400,train,4.288010
1785883772.1368594,38125,156465000,train,4.270921
1785883775.6999004,38150,156567600,train,4.190644
1785883779.2651675,38175,156670200,train,4.189919
1785883782.8391821,38200,156772800,train,4.324175
1785883798.8906136,38225,156875400,train,4.375174
1785883802.477163,38250,156978000,train,4.255983
1785883803.394382,38250,156978000,eval,4.101512
1785883806.978168,38275,157080600,train,4.377562
1785883810.5239038,38300,157183200,train,4.300042
1785883826.5572805,38325,157285800,train,4.346900
1785883830.202803,38350,157388400,train,4.262402
1785883833.8004482,38375,157491000,train,4.323533
1785883837.388611,38400,157593600,train,4.481638
1785883853.3583155,38425,157696200,train,4.348434
1785883856.957208,38450,157798800,train,4.285346
1785883860.5382476,38475,157901400,train,4.192046
1785883864.1329257,38500,158004000,train,4.287122
1785883865.01968,38500,158004000,eval,4.100310
1785883880.8982625,38525,158106600,train,4.256409
1785883884.5242834,38550,158209200,train,4.349667
1785883888.084255,38575,158311800,train,4.160266
1785883891.6557102,38600,158414400,train,4.343819
1785883907.6526,38625,158517000,train,4.277243
1785883911.2660277,38650,158619600,train,4.309956
1785883914.8338194,38675,158722200,train,4.340970
1785883918.4149733,38700,158824800,train,4.296506
1785883934.2601006,38725,158927400,train,4.252164
1785883937.8396695,38750,159030000,train,4.331061
1785883938.7297966,38750,159030000,eval,4.100689
1785883942.2795892,38775,159132600,train,4.368228
1785883945.817314,38800,159235200,train,4.326136
1785883961.6905918,38825,159337800,train,4.276067
1785883965.2537358,38850,159440400,train,4.220340
1785883968.8763149,38875,159543000,train,4.224679
1785883972.4404392,38900,159645600,train,4.346681
1785883990.97029,38925,159748200,train,4.255561
1785883994.5582058,38950,159850800,train,4.330986
1785883998.111844,38975,159953400,train,4.272944
1785884001.6813018,39000,160056000,train,4.209514
1785884002.5916448,39000,160056000,eval,4.099695
1785884018.559375,39025,160158600,train,4.205354
1785884022.1352117,39050,160261200,train,4.280888
1785884025.8247404,39075,160363800,train,4.230819
1785884029.4050012,39100,160466400,train,4.240440
1785884045.3493464,39125,160569000,train,4.328440
1785884048.954481,39150,160671600,train,4.280689
1785884052.5517638,39175,160774200,train,4.279149
1785884056.1252449,39200,160876800,train,4.373131
1785884071.9289575,39225,160979400,train,4.230810
1785884075.5260715,39250,161082000,train,4.295548
1785884076.4151807,39250,161082000,eval,4.096757
1785884080.094523,39275,161184600,train,4.343493
1785884083.6748476,39300,161287200,train,4.288545
1785884099.8581817,39325,161389800,train,4.316004
1785884103.4838603,39350,161492400,train,4.259356
1785884107.085161,39375,161595000,train,4.340342
1785884110.667926,39400,161697600,train,4.210036
1785884126.7800555,39425,161800200,train,4.331044
1785884130.3722596,39450,161902800,train,4.335394
1785884133.9563015,39475,162005400,train,4.226510
1785884137.5158474,39500,162108000,train,4.332462
1785884138.4049833,39500,162108000,eval,4.097311
1785884154.3757226,39525,162210600,train,4.170430
1785884157.959924,39550,162313200,train,4.291187
1785884161.5477495,39575,162415800,train,4.260385
1785884165.1137333,39600,162518400,train,4.274108
1785884181.5307431,39625,162621000,train,4.203127
1785884185.0939388,39650,162723600,train,4.255461
1785884188.682206,39675,162826200,train,4.179953
1785884192.2422614,39700,162928800,train,4.208634
1785884208.12717,39725,163031400,train,4.265417
1785884211.6948168,39750,163134000,train,4.215483
1785884212.5814602,39750,163134000,eval,4.095674
1785884216.163202,39775,163236600,train,4.372428
1785884219.7138507,39800,163339200,train,4.335378
1785884235.737303,39825,163441800,train,4.265445
1785884239.314454,39850,163544400,train,4.398701
1785884243.0841954,39875,163647000,train,4.160083
1785884246.6878264,39900,163749600,train,4.296944
1785884262.5941644,39925,163852200,train,4.285639
1785884266.1707408,39950,163954800,train,4.262019
1785884269.721717,39975,164057400,train,4.344798
1785884273.3332365,40000,164160000,train,4.281620
1785884274.2245138,40000,164160000,eval,4.092916
1785884289.9893632,40025,164262600,train,4.281424
1785884293.5487788,40050,164365200,train,4.235586
1785884297.168679,40075,164467800,train,4.307775
1785884300.7528098,40100,164570400,train,4.232523
1785884316.5191708,40125,164673000,train,4.355042
1785884320.1087356,40150,164775600,train,4.213716
1785884323.695931,40175,164878200,train,4.368489
1785884327.2503939,40200,164980800,train,4.350152
1785884343.1388235,40225,165083400,train,4.241573
1785884346.7314246,40250,165186000,train,4.252972
1785884347.6206925,40250,165186000,eval,4.093370
1785884351.1964915,40275,165288600,train,4.325268
1785884354.7648041,40300,165391200,train,4.310578
1785884370.5503042,40325,165493800,train,4.255014
1785884374.1025093,40350,165596400,train,4.297399
1785884377.6911182,40375,165699000,train,4.266560
1785884381.2766714,40400,165801600,train,4.229382
1785884397.048724,40425,165904200,train,4.320964
1785884400.614874,40450,166006800,train,4.213618
1785884404.1969078,40475,166109400,train,4.336826
1785884407.743142,40500,166212000,train,4.276338
1785884408.6272714,40500,166212000,eval,4.091097
1785884424.7716432,40525,166314600,train,4.322441
1785884428.3347857,40550,166417200,train,4.281893
1785884431.9236329,40575,166519800,train,4.299075
1785884435.5328825,40600,166622400,train,4.255692
1785884452.2298672,40625,166725000,train,4.236122
1785884455.8249357,40650,166827600,train,4.303378
1785884459.4746392,40675,166930200,train,4.325031
1785884463.0250392,40700,167032800,train,4.212443
1785884479.456796,40725,167135400,train,4.304271
1785884483.0043473,40750,167238000,train,4.254373
1785884483.8935063,40750,167238000,eval,4.088846
1785884487.4877954,40775,167340600,train,4.332308
1785884491.1104946,40800,167443200,train,4.247477
1785884507.4397652,40825,167545800,train,4.242635
1785884511.02255,40850,167648400,train,4.231544
1785884514.6014333,40875,167751000,train,4.316790
1785884518.200612,40900,167853600,train,4.303085
1785884534.4729455,40925,167956200,train,4.254177
1785884538.0218759,40950,168058800,train,4.204396
1785884541.6019785,40975,168161400,train,4.252210
1785884545.1633627,41000,168264000,train,4.186206
1785884546.0564537,41000,168264000,eval,4.088847
1785884562.5815582,41025,168366600,train,4.271022
1785884566.1917415,41050,168469200,train,4.302992
1785884569.7687626,41075,168571800,train,4.257108
1785884573.352898,41100,168674400,train,4.284233
1785884589.9609933,41125,168777000,train,4.286634
1785884593.520429,41150,168879600,train,4.233085
1785884597.1122744,41175,168982200,train,4.197389
1785884600.6792989,41200,169084800,train,4.241818
1785884616.8189306,41225,169187400,train,4.316954
1785884620.7607741,41250,169290000,train,4.246973
1785884621.696604,41250,169290000,eval,4.087231
1785884625.2563913,41275,169392600,train,4.251290
1785884628.8782318,41300,169495200,train,4.201391
1785884644.8368664,41325,169597800,train,4.407698
1785884648.4069605,41350,169700400,train,4.353451
1785884651.9606218,41375,169803000,train,4.253831
1785884655.5638592,41400,169905600,train,4.319407
1785884671.5064375,41425,170008200,train,4.244202
1785884675.0892293,41450,170110800,train,4.242277
1785884678.6852474,41475,170213400,train,4.245802
1785884682.3022022,41500,170316000,train,4.337686
1785884683.1876893,41500,170316000,eval,4.086232
1785884708.805017,41525,170418600,train,4.259560
1785884712.373623,41550,170521200,train,4.332873
1785884715.9612854,41575,170623800,train,4.382691
1785884719.526274,41600,170726400,train,4.356714
1785884735.2795615,41625,170829000,train,4.255880
1785884738.8260272,41650,170931600,train,4.314183
1785884742.363559,41675,171034200,train,4.322491
1785884745.9148295,41700,171136800,train,4.285696
1785884762.0032785,41725,171239400,train,4.246154
1785884765.5359294,41750,171342000,train,4.317144
1785884766.4166763,41750,171342000,eval,4.085804
1785884769.976379,41775,171444600,train,4.350156
1785884773.494143,41800,171547200,train,4.407305
1785884789.2749236,41825,171649800,train,4.300224
1785884792.810929,41850,171752400,train,4.232969
1785884796.3270822,41875,171855000,train,4.166724
1785884799.9549453,41900,171957600,train,4.279470
1785884818.017289,41925,172060200,train,4.332345
1785884821.5528178,41950,172162800,train,4.384058
1785884825.0687623,41975,172265400,train,4.380710
1785884828.6537042,42000,172368000,train,4.317000
1785884829.5321875,42000,172368000,eval,4.085700
1785884850.944668,42025,172470600,train,4.282631
1785884854.454313,42050,172573200,train,4.300550
1785884858.0470514,42075,172675800,train,4.192864
1785884861.7106907,42100,172778400,train,4.081071
1785884877.4921155,42125,172881000,train,4.251176
1785884881.123983,42150,172983600,train,4.215531
1785884884.7059264,42175,173086200,train,4.222224
1785884888.2574995,42200,173188800,train,4.408940
1785884904.106308,42225,173291400,train,4.286878
1785884907.6207058,42250,173394000,train,4.351508
1785884908.507086,42250,173394000,eval,4.083516
1785884912.0319786,42275,173496600,train,4.332605
1785884915.569228,42300,173599200,train,4.357068
1785884931.541202,42325,173701800,train,4.340296
1785884935.0988858,42350,173804400,train,4.284423
1785884938.6797798,42375,173907000,train,4.240564
1785884942.2200093,42400,174009600,train,4.237748
1785884958.307926,42425,174112200,train,4.316898
1785884961.8847163,42450,174214800,train,4.261056
1785884965.4288013,42475,174317400,train,4.272824
1785884968.9836102,42500,174420000,train,4.237730
1785884969.8570044,42500,174420000,eval,4.081747
1785884985.8623555,42525,174522600,train,4.264676
1785884989.416914,42550,174625200,train,4.293939
1785884992.9504037,42575,174727800,train,4.201766
1785884996.4870715,42600,174830400,train,4.323374
1785885012.879171,42625,174933000,train,4.321432
1785885016.4428775,42650,175035600,train,4.291082
1785885020.0017147,42675,175138200,train,4.210638
1785885023.5434675,42700,175240800,train,4.188192
1785885039.4720519,42725,175343400,train,4.259907
1785885043.024389,42750,175446000,train,4.305162
1785885043.918556,42750,175446000,eval,4.080258
1785885047.4655929,42775,175548600,train,4.218803
1785885051.0324767,42800,175651200,train,4.243575
1785885115.2331774,42825,175753800,train,4.284746
1785885118.7773852,42850,175856400,train,4.161341
1785885122.301705,42875,175959000,train,4.293667
1785885125.8288941,42900,176061600,train,4.308891
1785885141.8943784,42925,176164200,train,4.328424
1785885145.4203498,42950,176266800,train,4.272299
1785885148.9542694,42975,176369400,train,4.325717
1785885152.5022063,43000,176472000,train,4.284587
1785885153.374963,43000,176472000,eval,4.080424
1785885169.4638548,43025,176574600,train,4.282234
1785885173.028804,43050,176677200,train,4.265862
1785885176.5489638,43075,176779800,train,4.280618
1785885180.0914392,43100,176882400,train,4.319432
1785885196.0825167,43125,176985000,train,4.261847
1785885199.6066625,43150,177087600,train,4.196897
1785885203.114149,43175,177190200,train,4.248387
1785885206.682111,43200,177292800,train,4.216920
1785885222.8587823,43225,177395400,train,4.247232
1785885226.3866973,43250,177498000,train,4.206307
1785885227.2697008,43250,177498000,eval,4.079978
1785885230.834679,43275,177600600,train,4.291643
1785885234.375889,43300,177703200,train,4.233071
1785885252.4127204,43325,177805800,train,4.276982
1785885255.9604278,43350,177908400,train,4.169407
1785885259.5311472,43375,178011000,train,4.210192
1785885263.0913866,43400,178113600,train,4.258738
1785885278.863774,43425,178216200,train,4.233904
1785885282.4099667,43450,178318800,train,4.280266
1785885285.963981,43475,178421400,train,4.354191
1785885289.5212343,43500,178524000,train,4.238669
1785885290.3995469,43500,178524000,eval,4.079469
1785885306.2806113,43525,178626600,train,4.230894
1785885309.8423638,43550,178729200,train,4.290259
1785885313.4003942,43575,178831800,train,4.304073
1785885316.9501476,43600,178934400,train,4.301291
1785885333.796148,43625,179037000,train,4.280952
1785885337.2958605,43650,179139600,train,4.170270
1785885340.86038,43675,179242200,train,4.317927
1785885344.419361,43700,179344800,train,4.362970
1785885360.465734,43725,179447400,train,4.267113
1785885364.025974,43750,179550000,train,4.290448
1785885364.9007616,43750,179550000,eval,4.077812
1785885368.4374835,43775,179652600,train,4.228145
1785885371.9830966,43800,179755200,train,4.274784
1785885388.5111125,43825,179857800,train,4.253341
1785885392.0593555,43850,179960400,train,4.270948
1785885395.5705717,43875,180063000,train,4.228864
1785885399.1170602,43900,180165600,train,4.251977
1785885415.0596476,43925,180268200,train,4.364117
1785885418.5931227,43950,180370800,train,4.186806
1785885422.1410296,43975,180473400,train,4.198202
1785885425.6770332,44000,180576000,train,4.286508
1785885426.5806193,44000,180576000,eval,4.078187
1785885442.4403274,44025,180678600,train,4.167457
1785885445.9719996,44050,180781200,train,4.309906
1785885449.492659,44075,180883800,train,4.180695
1785885453.0325754,44100,180986400,train,4.228658
1785885469.3900857,44125,181089000,train,4.288239
1785885472.909053,44150,181191600,train,4.145236
1785885476.4206665,44175,181294200,train,4.294301
1785885479.977898,44200,181396800,train,4.229630
1785885495.8722205,44225,181499400,train,4.279767
1785885499.4404445,44250,181602000,train,4.281663
1785885500.3174357,44250,181602000,eval,4.077675
1785885503.8591232,44275,181704600,train,4.160036
1785885507.3912544,44300,181807200,train,4.319376
1785885523.2445083,44325,181909800,train,4.263952
1785885526.7707949,44350,182012400,train,4.288971
1785885530.3184617,44375,182115000,train,4.284999
1785885533.8932297,44400,182217600,train,4.292549
1785885550.7000873,44425,182320200,train,4.180971
1785885554.4010859,44450,182422800,train,4.337664
1785885557.9187255,44475,182525400,train,4.205241
1785885561.458111,44500,182628000,train,4.377601
1785885562.3537362,44500,182628000,eval,4.078029
1785885579.089196,44525,182730600,train,4.495156
1785885582.6106572,44550,182833200,train,4.278151
1785885586.2002015,44575,182935800,train,4.229378
1785885589.7595067,44600,183038400,train,4.291172
1785885606.3769202,44625,183141000,train,4.253448
1785885609.9177005,44650,183243600,train,4.237984
1785885613.4881299,44675,183346200,train,4.354394
1785885617.0362499,44700,183448800,train,4.321617
1785885633.3370407,44725,183551400,train,4.292995
1785885636.885106,44750,183654000,train,4.271345
1785885637.7573411,44750,183654000,eval,4.078501
1785885641.3108342,44775,183756600,train,4.273141
1785885644.8760521,44800,183859200,train,4.322210
1785885661.207782,44825,183961800,train,4.203223
1785885664.7753947,44850,184064400,train,4.253268
1785885668.34485,44875,184167000,train,4.259059
1785885671.8978486,44900,184269600,train,4.279073
1785885687.697853,44925,184372200,train,4.333143
1785885691.2224872,44950,184474800,train,4.253781
1785885694.7665102,44975,184577400,train,4.318400
1785885698.3366196,45000,184680000,train,4.259250
1785885699.2155976,45000,184680000,eval,4.077827
1785885715.1829104,45025,184782600,train,4.257763
1785885718.745738,45050,184885200,train,4.184108
1785885722.2892466,45075,184987800,train,4.201214
1785885725.852239,45100,185090400,train,4.146170
1785885741.6613057,45125,185193000,train,4.267201
1785885745.2338974,45150,185295600,train,4.390377
1785885748.8526216,45175,185398200,train,4.303565
1785885752.3962188,45200,185500800,train,4.138160
1785885768.2361615,45225,185603400,train,4.366077
1785885771.7859788,45250,185706000,train,4.234412
1785885772.670923,45250,185706000,eval,4.076855
1785885776.2290118,45275,185808600,train,4.303426
1785885779.7850442,45300,185911200,train,4.248127
1785885795.736117,45325,186013800,train,4.315826
1785885799.2690978,45350,186116400,train,4.304317
1785885802.8287275,45375,186219000,train,4.304301
1785885806.3796022,45400,186321600,train,4.312620
1785885822.2228103,45425,186424200,train,4.357395
1785885825.8153446,45450,186526800,train,4.237802
1785885829.383256,45475,186629400,train,4.308746
1785885832.952656,45500,186732000,train,4.350302
1785885833.8419127,45500,186732000,eval,4.076910
1785885849.664866,45525,186834600,train,4.379405
1785885853.2094476,45550,186937200,train,4.258523
1785885856.764895,45575,187039800,train,4.249693
1785885860.3113155,45600,187142400,train,4.259108
1785885877.0113099,45625,187245000,train,4.300692
1785885880.5529914,45650,187347600,train,4.257926
1785885884.0822816,45675,187450200,train,4.218767
1785885887.6397243,45700,187552800,train,4.275794
1785885903.4141912,45725,187655400,train,4.258402
1785885906.9810483,45750,187758000,train,4.313511
1785885907.8691492,45750,187758000,eval,4.075749
1785885911.4080472,45775,187860600,train,4.247667
1785885914.9615989,45800,187963200,train,4.381185
1785885930.7634683,45825,188065800,train,4.196501
1785885934.2770832,45850,188168400,train,4.305105
1785885937.8355587,45875,188271000,train,4.270162
1785885941.3998892,45900,188373600,train,4.236065
1785885981.1204884,45925,188476200,train,4.200701
1785885984.6484299,45950,188578800,train,4.217082
1785885988.1797361,45975,188681400,train,4.351596
1785885991.8373477,46000,188784000,train,4.276558
1785885992.7082288,46000,188784000,eval,4.075167
1785886008.4307458,46025,188886600,train,4.250215
1785886011.9699633,46050,188989200,train,4.299659
1785886015.5398524,46075,189091800,train,4.287738
1785886019.0818608,46100,189194400,train,4.229481
1785886034.949942,46125,189297000,train,4.277592
1785886038.5074203,46150,189399600,train,4.252543
1785886042.002898,46175,189502200,train,4.250988
1785886045.5289109,46200,189604800,train,4.277247
1785886061.3586102,46225,189707400,train,4.321056
1785886064.8784063,46250,189810000,train,4.232911
1785886065.7694952,46250,189810000,eval,4.074390
1785886069.3025093,46275,189912600,train,4.290754
1785886072.835409,46300,190015200,train,4.242461
1785886088.6738403,46325,190117800,train,4.195531
1785886092.2657716,46350,190220400,train,4.256616
1785886095.82016,46375,190323000,train,4.193035
1785886099.442774,46400,190425600,train,4.247396
1785886115.5619645,46425,190528200,train,4.241375
1785886119.0972366,46450,190630800,train,4.196066
1785886122.661405,46475,190733400,train,4.182647
1785886126.1826756,46500,190836000,train,4.259443
1785886127.0553575,46500,190836000,eval,4.074113
1785886142.8164165,46525,190938600,train,4.300797
1785886146.3826883,46550,191041200,train,4.239349
1785886149.9135847,46575,191143800,train,4.145644
1785886153.4478745,46600,191246400,train,4.292678
1785886169.2224536,46625,191349000,train,4.290724
1785886172.739656,46650,191451600,train,4.188084
1785886176.333708,46675,191554200,train,4.507399
1785886179.8691115,46700,191656800,train,4.219308
1785886195.700421,46725,191759400,train,4.381040
1785886199.267456,46750,191862000,train,4.229709
1785886200.1482196,46750,191862000,eval,4.074371
1785886203.706178,46775,191964600,train,4.203806
1785886207.2489989,46800,192067200,train,4.301146
1785886223.1224124,46825,192169800,train,4.295339
1785886226.644201,46850,192272400,train,4.250468
1785886230.167272,46875,192375000,train,4.233413
1785886233.7265868,46900,192477600,train,4.229655
1785886249.5311072,46925,192580200,train,4.248607
1785886253.0461807,46950,192682800,train,4.163388
1785886256.663741,46975,192785400,train,4.552367
1785886260.1868186,47000,192888000,train,4.252964
1785886261.060004,47000,192888000,eval,4.073711
1785886276.975583,47025,192990600,train,4.296574
1785886280.510845,47050,193093200,train,4.245167
1785886284.03422,47075,193195800,train,4.381846
1785886287.5903602,47100,193298400,train,4.236448
1785886303.3580801,47125,193401000,train,4.210268
1785886306.8903847,47150,193503600,train,4.332637
1785886310.4531324,47175,193606200,train,4.190147
1785886314.0054502,47200,193708800,train,4.435920
1785886329.8248532,47225,193811400,train,4.272847
1785886333.3533368,47250,193914000,train,4.193372
1785886334.2288606,47250,193914000,eval,4.073381
1785886337.8458874,47275,194016600,train,4.238094
1785886341.3663058,47300,194119200,train,4.294619
1785886357.248821,47325,194221800,train,4.275419
1785886360.7892292,47350,194324400,train,4.282155
1785886364.3194165,47375,194427000,train,4.323317
1785886367.8523536,47400,194529600,train,4.313178
1785886383.5655913,47425,194632200,train,4.204767
1785886387.089619,47450,194734800,train,4.289622
1785886390.6826832,47475,194837400,train,4.252325
1785886394.2147112,47500,194940000,train,4.340270
1785886395.1034145,47500,194940000,eval,4.073453
1785886411.4460409,47525,195042600,train,4.262137
1785886414.9586258,47550,195145200,train,4.195664
1785886418.5270345,47575,195247800,train,4.259537
1785886422.0771077,47600,195350400,train,4.181648
1785886438.3701272,47625,195453000,train,4.242226
1785886441.899997,47650,195555600,train,4.193756
1785886445.421484,47675,195658200,train,4.276724
1785886448.974474,47700,195760800,train,4.326908
1785886464.78369,47725,195863400,train,4.204009
1785886468.3484707,47750,195966000,train,4.180551
1785886469.226915,47750,195966000,eval,4.073185
1785886472.7648005,47775,196068600,train,4.189760
1785886476.2947931,47800,196171200,train,4.228611
1785886492.5241942,47825,196273800,train,4.263130
1785886496.1035283,47850,196376400,train,4.242152
1785886499.7105815,47875,196479000,train,4.254920
1785886503.2690816,47900,196581600,train,4.190354
1785886518.9610996,47925,196684200,train,4.230413
1785886522.5103035,47950,196786800,train,4.410240
1785886526.0384903,47975,196889400,train,4.342973
1785886529.5539718,48000,196992000,train,4.319895
1785886530.4341085,48000,196992000,eval,4.073032
1785886546.413187,48025,197094600,train,4.184487
1785886549.9450355,48050,197197200,train,4.318176
1785886553.5262349,48075,197299800,train,4.227389
1785886557.0925379,48100,197402400,train,4.308555
1785886573.3946745,48125,197505000,train,4.306589
1785886576.95683,48150,197607600,train,4.124108
1785886580.4726777,48175,197710200,train,4.408518
1785886584.0001066,48200,197812800,train,4.265034
1785886600.112009,48225,197915400,train,4.248638
1785886603.6484282,48250,198018000,train,4.232417
1785886604.5255458,48250,198018000,eval,4.072853
1785886608.0720558,48275,198120600,train,4.289099
1785886611.694901,48300,198223200,train,4.297098
1785886627.6129975,48325,198325800,train,4.263438
1785886631.1831093,48350,198428400,train,4.326779
1785886634.7718158,48375,198531000,train,4.176940
1785886638.2911952,48400,198633600,train,4.162328
1785886655.836192,48425,198736200,train,4.262144
1785886659.3709445,48450,198838800,train,4.366463
1785886662.893332,48475,198941400,train,4.300466
1785886666.4710345,48500,199044000,train,4.282882
1785886667.351411,48500,199044000,eval,4.072748
1785886683.0987756,48525,199146600,train,4.260048
1785886686.640954,48550,199249200,train,4.276001
1785886690.148547,48575,199351800,train,4.356233
1785886693.6824262,48600,199454400,train,4.188092
1785886709.6182952,48625,199557000,train,4.295087
1785886713.1318235,48650,199659600,train,4.314259
1785886716.6771708,48675,199762200,train,4.318869
1785886720.214371,48700,199864800,train,4.563946
1785886735.9590902,48725,199967400,train,4.175024
1785886739.5155652,48750,200070000,train,4.264551
1785886740.4140494,48750,200070000,eval,4.072637
1785886743.9465005,48775,200172600,train,4.221417
1785886747.5032213,48800,200275200,train,4.289815
1785886763.1746664,48825,200377800,train,4.190320
1785886766.7180433,48850,200480400,train,4.272019
1785886770.2430184,48875,200583000,train,4.192003
1785886773.770044,48900,200685600,train,4.346842
1785886789.4439554,48925,200788200,train,4.282738
1785886793.0043483,48950,200890800,train,4.239211
1785886796.5988216,48975,200993400,train,4.197340
1785886800.1409366,49000,201096000,train,4.265781
1785886801.0203922,49000,201096000,eval,4.072701
1785886816.7913036,49025,201198600,train,4.334893
1785886820.3222427,49050,201301200,train,4.397826
1785886823.8779783,49075,201403800,train,4.219798
1785886827.4110055,49100,201506400,train,4.198987
1785886843.2289383,49125,201609000,train,4.183864
1785886846.8024664,49150,201711600,train,4.287484
1785886850.3235269,49175,201814200,train,4.200136
1785886853.8588662,49200,201916800,train,4.214078
1785886869.5521915,49225,202019400,train,4.254315
1785886873.0953891,49250,202122000,train,4.283697
1785886873.9814475,49250,202122000,eval,4.072700
1785886877.5312116,49275,202224600,train,4.270456
1785886881.0732453,49300,202327200,train,4.282571
1785886896.8073835,49325,202429800,train,4.293553
1785886900.3656635,49350,202532400,train,4.225272
1785886903.9070265,49375,202635000,train,4.274582
1785886907.4260275,49400,202737600,train,4.187421
1785886923.1320248,49425,202840200,train,4.218746
1785886926.7181818,49450,202942800,train,4.342570
1785886930.2538872,49475,203045400,train,4.082806
1785886933.7780428,49500,203148000,train,4.293773
1785886934.6596265,49500,203148000,eval,4.072691
1785886950.3923454,49525,203250600,train,4.253365
1785886953.9563365,49550,203353200,train,4.255457
1785886957.453215,49575,203455800,train,4.264920
1785886961.0054018,49600,203558400,train,4.246170
1785886976.8021026,49625,203661000,train,4.333718
1785886980.300672,49650,203763600,train,4.232269
1785886983.8924031,49675,203866200,train,4.237207
1785886987.3991246,49700,203968800,train,4.200757
1785887003.1834588,49725,204071400,train,4.235385
1785887007.140063,49750,204174000,train,4.326271
1785887008.350064,49750,204174000,eval,4.072680
1785887012.923791,49775,204276600,train,4.093595
1785887017.4712284,49800,204379200,train,4.355109
1785887034.00467,49825,204481800,train,4.258798
1785887037.7104127,49850,204584400,train,4.221804
1785887041.458688,49875,204687000,train,4.270291
1785887045.134961,49900,204789600,train,4.195746
1785887060.9927542,49925,204892200,train,4.338100
1785887064.756894,49950,204994800,train,4.218838
1785887068.4381967,49975,205097400,train,4.232003
1785887072.1056168,50000,205200000,train,4.330002
1785887073.020858,50000,205200000,eval,4.072683
